boundary_action,model,action_index_in_first10,joint,delta_rad,predicted_action_rad
5,baseline,0,0,-0.00840267539024353,-0.04993081092834473
5,baseline,0,1,0.03415477275848389,-1.6487212181091309
5,baseline,0,2,-0.09916806221008301,1.384307861328125
5,baseline,0,3,-0.042826175689697266,1.1585475206375122
5,baseline,0,4,-0.10501673817634583,-0.479255348443985
5,baseline,0,5,-0.01002831757068634,-0.16392122209072113
5,baseline,0,6,0.10960772633552551,0.045993953943252563
5,baseline,0,7,0.13212335109710693,-1.545588731765747
5,baseline,0,8,-0.19119596481323242,1.320181131362915
5,baseline,0,9,-0.1077423095703125,1.0755882263183594
5,baseline,0,10,-0.03916345536708832,0.20946548879146576
5,baseline,0,11,0.01352640986442566,-0.13568803668022156
5,baseline,1,0,-0.057377517223358154,-0.08956083655357361
5,baseline,1,1,0.017126798629760742,-1.6603045463562012
5,baseline,1,2,-0.046675801277160645,1.4301217794418335
5,baseline,1,3,-0.02631986141204834,1.1662298440933228
5,baseline,1,4,-0.0322299599647522,-0.4416089355945587
5,baseline,1,5,-0.008124038577079773,-0.16252218186855316
5,baseline,1,6,0.07105715572834015,0.003218322992324829
5,baseline,1,7,0.150177001953125,-1.5591375827789307
5,baseline,1,8,-0.11647796630859375,1.3899493217468262
5,baseline,1,9,-0.11541879177093506,1.081453561782837
5,baseline,1,10,-0.017035484313964844,0.24141672253608704
5,baseline,1,11,0.005740657448768616,-0.14221610128879547
5,baseline,2,0,-0.024215757846832275,-0.08694308996200562
5,baseline,2,1,0.0168001651763916,-1.6405246257781982
5,baseline,2,2,-0.0707467794418335,1.3956801891326904
5,baseline,2,3,-0.0039081573486328125,1.1736092567443848
5,baseline,2,4,-0.032041847705841064,-0.5196311473846436
5,baseline,2,5,-0.009508267045021057,-0.16024386882781982
5,baseline,2,6,-0.005705833435058594,-0.020654380321502686
5,baseline,2,7,-0.026662707328796387,-1.700453519821167
5,baseline,2,8,-0.06312942504882812,1.4105653762817383
5,baseline,2,9,-0.01872885227203369,1.1716232299804688
5,baseline,2,10,-0.002116590738296509,0.30448994040489197
5,baseline,2,11,0.001594454050064087,-0.14336827397346497
5,baseline,3,0,-0.05144187808036804,-0.08391594886779785
5,baseline,3,1,0.02769172191619873,-1.6219135522842407
5,baseline,3,2,-0.049353599548339844,1.4133992195129395
5,baseline,3,3,-0.03160679340362549,1.1482725143432617
5,baseline,3,4,-0.055163025856018066,-0.5165587663650513
5,baseline,3,5,-0.007832705974578857,-0.15971311926841736
5,baseline,3,6,0.0011204183101654053,-0.008433431386947632
5,baseline,3,7,-0.008364558219909668,-1.6724433898925781
5,baseline,3,8,-0.07158052921295166,1.4190574884414673
5,baseline,3,9,0.007902145385742188,1.1821686029434204
5,baseline,3,10,0.0267103910446167,0.3231075406074524
5,baseline,3,11,0.006836891174316406,-0.1427655816078186
5,baseline,4,0,-0.06838387250900269,-0.0945202112197876
5,baseline,4,1,0.033547282218933105,-1.6399872303009033
5,baseline,4,2,-0.03712177276611328,1.4434762001037598
5,baseline,4,3,-0.011235713958740234,1.1777656078338623
5,baseline,4,4,-0.06526580452919006,-0.5026987791061401
5,baseline,4,5,-0.003483906388282776,-0.15543444454669952
5,baseline,4,6,0.02619984745979309,0.005941212177276611
5,baseline,4,7,0.019508004188537598,-1.6581308841705322
5,baseline,4,8,-0.053574323654174805,1.4495244026184082
5,baseline,4,9,-0.0008668899536132812,1.1802713871002197
5,baseline,4,10,0.036406517028808594,0.3269282281398773
5,baseline,4,11,0.002274155616760254,-0.14360041916370392
5,baseline,5,0,-0.054643601179122925,-0.07060462236404419
5,baseline,5,1,0.03634452819824219,-1.6394000053405762
5,baseline,5,2,-0.002150297164916992,1.4709267616271973
5,baseline,5,3,-0.01955556869506836,1.172985315322876
5,baseline,5,4,0.0016941428184509277,-0.44720929861068726
5,baseline,5,5,-0.009997710585594177,-0.1601211428642273
5,baseline,5,6,0.03191035985946655,0.007331818342208862
5,baseline,5,7,0.052144646644592285,-1.638160228729248
5,baseline,5,8,-0.05353522300720215,1.4562149047851562
5,baseline,5,9,0.0025010108947753906,1.1890236139297485
5,baseline,5,10,0.03287360072135925,0.32348164916038513
5,baseline,5,11,-0.0007541924715042114,-0.14805452525615692
5,baseline,6,0,-0.06368216872215271,-0.06874850392341614
5,baseline,6,1,0.021436214447021484,-1.6490507125854492
5,baseline,6,2,-0.0023099184036254883,1.4743609428405762
5,baseline,6,3,-0.024292826652526855,1.1649701595306396
5,baseline,6,4,-0.049043118953704834,-0.48923417925834656
5,baseline,6,5,-0.00526842474937439,-0.15857575833797455
5,baseline,6,6,0.03911510109901428,0.004720896482467651
5,baseline,6,7,0.0024261474609375,-1.6800086498260498
5,baseline,6,8,-0.05248212814331055,1.4481337070465088
5,baseline,6,9,0.025280356407165527,1.2094115018844604
5,baseline,6,10,0.04676756262779236,0.33729442954063416
5,baseline,6,11,-0.0018087327480316162,-0.1463552862405777
5,baseline,7,0,-0.1129617989063263,-0.11242249608039856
5,baseline,7,1,0.19528818130493164,-1.4783849716186523
5,baseline,7,2,-0.17818379402160645,1.2989869117736816
5,baseline,7,3,-0.0520097017288208,1.134253740310669
5,baseline,7,4,-0.27186819911003113,-0.7018419504165649
5,baseline,7,5,0.004418700933456421,-0.14756087958812714
5,baseline,7,6,0.1360432207584381,0.1065593957901001
5,baseline,7,7,0.20333552360534668,-1.4810748100280762
5,baseline,7,8,-0.26644110679626465,1.2416400909423828
5,baseline,7,9,0.014109969139099121,1.1955348253250122
5,baseline,7,10,0.166995108127594,0.4627934694290161
5,baseline,7,11,-9.509921073913574e-05,-0.14627303183078766
5,baseline,8,0,0.010138273239135742,0.010499954223632812
5,baseline,8,1,0.3187042474746704,-1.3591055870056152
5,baseline,8,2,-0.2512388229370117,1.223677158355713
5,baseline,8,3,-0.03718149662017822,1.14791738986969
5,baseline,8,4,-0.261711984872818,-0.694733738899231
5,baseline,8,5,0.008670613169670105,-0.1466386318206787
5,baseline,8,6,0.10226497054100037,0.07798868417739868
5,baseline,8,7,0.31434619426727295,-1.3563462495803833
5,baseline,8,8,-0.32939600944519043,1.1907882690429688
5,baseline,8,9,-0.022139549255371094,1.1510218381881714
5,baseline,8,10,0.18481871485710144,0.47552192211151123
5,baseline,8,11,0.009780839085578918,-0.14062313735485077
5,baseline,9,0,0.025993168354034424,0.02533257007598877
5,baseline,9,1,0.19943714141845703,-1.4887630939483643
5,baseline,9,2,-0.17606282234191895,1.2998921871185303
5,baseline,9,3,-0.025592684745788574,1.1559032201766968
5,baseline,9,4,-0.20457994937896729,-0.6230741739273071
5,baseline,9,5,0.006432622671127319,-0.14551948010921478
5,baseline,9,6,0.0662374496459961,0.047930628061294556
5,baseline,9,7,0.2801322937011719,-1.3922494649887085
5,baseline,9,8,-0.31611204147338867,1.2144196033477783
5,baseline,9,9,0.006177425384521484,1.1606155633926392
5,baseline,9,10,0.15484443306922913,0.4513379633426666
5,baseline,9,11,0.012287601828575134,-0.13782712817192078
5,trained,0,0,0.004842787981033325,-0.03668534755706787
5,trained,0,1,-0.021289467811584473,-1.7041654586791992
5,trained,0,2,-0.053835153579711914,1.429640769958496
5,trained,0,3,0.03802919387817383,1.2394028902053833
5,trained,0,4,-0.0905180275440216,-0.46475663781166077
5,trained,0,5,0.002461478114128113,-0.15143142640590668
5,trained,0,6,-0.01837809383869171,-0.08199186623096466
5,trained,0,7,-0.027493953704833984,-1.705206036567688
5,trained,0,8,-0.06215059757232666,1.4492264986038208
5,trained,0,9,0.02501702308654785,1.2083475589752197
5,trained,0,10,0.0014824867248535156,0.2501114308834076
5,trained,0,11,0.0043465495109558105,-0.1448678970336914
5,trained,1,0,-0.03224107623100281,-0.06442439556121826
5,trained,1,1,-0.005852341651916504,-1.6832836866378784
5,trained,1,2,-0.03463029861450195,1.4421672821044922
5,trained,1,3,0.042418718338012695,1.2349684238433838
5,trained,1,4,-0.023733139038085938,-0.43311211466789246
5,trained,1,5,0.005015179514884949,-0.14938296377658844
5,trained,1,6,-0.006351202726364136,-0.07419003546237946
5,trained,1,7,0.038336873054504395,-1.6709777116775513
5,trained,1,8,-0.036690473556518555,1.4697368144989014
5,trained,1,9,-0.005436897277832031,1.19143545627594
5,trained,1,10,0.018463999032974243,0.2769162058830261
5,trained,1,11,-0.006333798170089722,-0.1542905569076538
5,trained,2,0,0.011477142572402954,-0.051250189542770386
5,trained,2,1,-0.03748190402984619,-1.694806694984436
5,trained,2,2,-0.051193952560424805,1.4152330160140991
5,trained,2,3,0.048996686935424805,1.2265141010284424
5,trained,2,4,-0.01132771372795105,-0.49891701340675354
5,trained,2,5,-0.001369863748550415,-0.15210546553134918
5,trained,2,6,-0.0616205632686615,-0.07656911015510559
5,trained,2,7,-0.08012044429779053,-1.7539112567901611
5,trained,2,8,0.01569652557373047,1.4893913269042969
5,trained,2,9,0.0297318696975708,1.2200839519500732
5,trained,2,10,-0.010237306356430054,0.2963692247867584
5,trained,2,11,-0.005036100745201111,-0.14999882876873016
5,trained,3,0,-0.023483097553253174,-0.05595716834068298
5,trained,3,1,-0.030108928680419922,-1.6797142028808594
5,trained,3,2,-0.020232081413269043,1.4425207376480103
5,trained,3,3,0.030504822731018066,1.2103841304779053
5,trained,3,4,-0.01612725853919983,-0.47752299904823303
5,trained,3,5,0.0017234385013580322,-0.15015697479248047
5,trained,3,6,-0.04902547597885132,-0.058579325675964355
5,trained,3,7,-0.03410649299621582,-1.6981853246688843
5,trained,3,8,-0.011066198348999023,1.47957181930542
5,trained,3,9,0.03596365451812744,1.2102301120758057
5,trained,3,10,0.0035080313682556152,0.2999051809310913
5,trained,3,11,0.0019421279430389404,-0.14766034483909607
5,trained,4,0,-0.03452017903327942,-0.06065651774406433
5,trained,4,1,-0.026769161224365234,-1.7003036737442017
5,trained,4,2,-0.01554250717163086,1.4650554656982422
5,trained,4,3,0.04042994976043701,1.2294312715530396
5,trained,4,4,-0.025312364101409912,-0.46274533867836
5,trained,4,5,-0.003182336688041687,-0.15513287484645844
5,trained,4,6,-0.02581995725631714,-0.04607859253883362
5,trained,4,7,-0.02751171588897705,-1.7051506042480469
5,trained,4,8,0.0010339021682739258,1.504132628440857
5,trained,4,9,0.019191741943359375,1.2003300189971924
5,trained,4,10,0.010562777519226074,0.3010844886302948
5,trained,4,11,-0.007330089807510376,-0.15320466458797455
5,trained,5,0,-0.017298191785812378,-0.03325921297073364
5,trained,5,1,-0.013773679733276367,-1.6895182132720947
5,trained,5,2,-0.0028638839721679688,1.4702131748199463
5,trained,5,3,0.023947834968566895,1.2164887189865112
5,trained,5,4,0.010733723640441895,-0.4381697177886963
5,trained,5,5,0.0015582442283630371,-0.14856518805027008
5,trained,5,6,-0.03126746416091919,-0.05584600567817688
5,trained,5,7,0.006407737731933594,-1.6838971376419067
5,trained,5,8,-0.019917011260986328,1.489833116531372
5,trained,5,9,0.023014545440673828,1.209537148475647
5,trained,5,10,0.014309614896774292,0.30491766333580017
5,trained,5,11,-0.0022179633378982544,-0.14951829612255096
5,trained,6,0,-0.023421436548233032,-0.02848777174949646
5,trained,6,1,-0.024371862411499023,-1.6948587894439697
5,trained,6,2,-0.0019311904907226562,1.474739670753479
5,trained,6,3,0.016010403633117676,1.2052733898162842
5,trained,6,4,-0.04846769571304321,-0.48865875601768494
5,trained,6,5,0.0033195912837982178,-0.14998774230480194
5,trained,6,6,-0.02312275767326355,-0.05751696228981018
5,trained,6,7,-0.03941154479980469,-1.721846342086792
5,trained,6,8,-0.01614975929260254,1.4844660758972168
5,trained,6,9,0.0306473970413208,1.2147785425186157
5,trained,6,10,0.022585272789001465,0.31311213970184326
5,trained,6,11,-0.0038552284240722656,-0.14840178191661835
5,trained,7,0,-0.05572041869163513,-0.0551811158657074
5,trained,7,1,-0.007592916488647461,-1.6812660694122314
5,trained,7,2,-0.015192985534667969,1.4619777202606201
5,trained,7,3,0.0198822021484375,1.2061456441879272
5,trained,7,4,-0.08503612875938416,-0.515009880065918
5,trained,7,5,0.0029875338077545166,-0.14899204671382904
5,trained,7,6,0.010199934244155884,-0.01928389072418213
5,trained,7,7,-0.00858604907989502,-1.6929963827133179
5,trained,7,8,-0.034956932067871094,1.4731242656707764
5,trained,7,9,0.02023303508758545,1.2016578912734985
5,trained,7,10,0.036446720361709595,0.3322450816631317
5,trained,7,11,-0.0021368861198425293,-0.14831481873989105
5,trained,8,0,-0.019752562046051025,-0.019390881061553955
5,trained,8,1,0.0029360055923461914,-1.6748738288879395
5,trained,8,2,-0.018316268920898438,1.4565997123718262
5,trained,8,3,0.014262557029724121,1.1993614435195923
5,trained,8,4,-0.047719329595565796,-0.48074108362197876
5,trained,8,5,0.0015935152769088745,-0.15371572971343994
5,trained,8,6,0.021795272827148438,-0.002481013536453247
5,trained,8,7,-0.021816253662109375,-1.6925086975097656
5,trained,8,8,-0.03864789009094238,1.4815363883972168
5,trained,8,9,-0.0013083219528198242,1.1718530654907227
5,trained,8,10,0.03506547212600708,0.32576867938041687
5,trained,8,11,0.0030983537435531616,-0.14730562269687653
5,trained,9,0,-0.012746840715408325,-0.01340743899345398
5,trained,9,1,-0.021737217903137207,-1.7099374532699585
5,trained,9,2,0.009837627410888672,1.485792636871338
5,trained,9,3,0.02567887306213379,1.2071747779846191
5,trained,9,4,-0.046494513750076294,-0.46498873829841614
5,trained,9,5,-0.0020885169506073,-0.1540406197309494
5,trained,9,6,0.0012172162532806396,-0.0170896053314209
5,trained,9,7,-0.0273892879486084,-1.6997710466384888
5,trained,9,8,-0.035930633544921875,1.4946010112762451
5,trained,9,9,0.029616117477416992,1.1840542554855347
5,trained,9,10,0.023153066635131836,0.31964659690856934
5,trained,9,11,-0.002531781792640686,-0.1526465117931366
10,baseline,0,0,-0.06931397318840027,-0.08527499437332153
10,baseline,0,1,0.19919109344482422,-1.4765534400939941
10,baseline,0,2,-0.1777350902557373,1.295341968536377
10,baseline,0,3,0.034494996070861816,1.2270358800888062
10,baseline,0,4,-0.11112856864929199,-0.5600320100784302
10,baseline,0,5,0.0060617923736572266,-0.1440616399049759
10,baseline,0,6,0.10127457976341248,0.07669603824615479
10,baseline,0,7,0.23399507999420166,-1.4563097953796387
10,baseline,0,8,-0.237959623336792,1.2717905044555664
10,baseline,0,9,-0.03163135051727295,1.1548912525177002
10,baseline,0,10,-0.033315420150756836,0.25729262828826904
10,baseline,0,11,0.010209143161773682,-0.13709118962287903
10,baseline,1,0,-0.1051638126373291,-0.11023014783859253
10,baseline,1,1,0.29763269424438477,-1.372854232788086
10,baseline,1,2,-0.27166271209716797,1.2050081491470337
10,baseline,1,3,0.02799665927886963,1.2172596454620361
10,baseline,1,4,-0.09842267632484436,-0.5386137366294861
10,baseline,1,5,0.11243343725800514,-0.040873896330595016
10,baseline,1,6,0.09803977608680725,0.06364557147026062
10,baseline,1,7,0.2642946243286133,-1.418140172958374
10,baseline,1,8,-0.2310478687286377,1.2695679664611816
10,baseline,1,9,-0.060421109199523926,1.123710036277771
10,baseline,1,10,-0.006468623876571655,0.28405824303627014
10,baseline,1,11,0.004023924469947815,-0.14052262902259827
10,baseline,2,0,-0.09192728996276855,-0.09138798713684082
10,baseline,2,1,0.45716989040374756,-1.2165032625198364
10,baseline,2,2,-0.3974801301956177,1.0796905755996704
10,baseline,2,3,0.029749035835266113,1.2160124778747559
10,baseline,2,4,-0.20261403918266296,-0.6325877904891968
10,baseline,2,5,0.13553675636649132,-0.01644282415509224
10,baseline,2,6,0.07098856568336487,0.041504740715026855
10,baseline,2,7,0.15522980690002441,-1.5291805267333984
10,baseline,2,8,-0.2430042028427124,1.265076994895935
10,baseline,2,9,0.017271757125854492,1.1986966133117676
10,baseline,2,10,0.05163434147834778,0.3474327027797699
10,baseline,2,11,0.0028678327798843384,-0.14331009984016418
10,baseline,3,0,-0.04199856519699097,-0.041636884212493896
10,baseline,3,1,0.684228777885437,-0.9935810565948486
10,baseline,3,2,-0.3979361057281494,1.0769798755645752
10,baseline,3,3,-0.04703092575073242,1.1380679607391357
10,baseline,3,4,-0.20516332983970642,-0.6381850838661194
10,baseline,3,5,0.5623941272497177,0.4070848822593689
10,baseline,3,6,0.10677304863929749,0.0824967622756958
10,baseline,3,7,0.11811280250549316,-1.552579641342163
10,baseline,3,8,-0.1604543924331665,1.3597298860549927
10,baseline,3,9,0.018401265144348145,1.1915626525878906
10,baseline,3,10,0.05412852764129639,0.3448317348957062
10,baseline,3,11,0.005758926272392273,-0.14464505016803741
10,baseline,4,0,-0.030973434448242188,-0.03163403272628784
10,baseline,4,1,0.7800332307815552,-0.9081670045852661
10,baseline,4,2,-0.46163225173950195,1.0143227577209473
10,baseline,4,3,-0.012094974517822266,1.169400930404663
10,baseline,4,4,-0.23063349723815918,-0.649127721786499
10,baseline,4,5,0.4897860437631607,0.3378339409828186
10,baseline,4,6,0.10036283731460571,0.08205601572990417
10,baseline,4,7,0.13638103008270264,-1.5360007286071777
10,baseline,4,8,-0.14779388904571533,1.3827377557754517
10,baseline,4,9,0.01708507537841797,1.1715232133865356
10,baseline,4,10,0.05707049369812012,0.3535640239715576
10,baseline,4,11,-0.00017496943473815918,-0.15028969943523407
10,baseline,5,0,0.05251754820346832,0.061275824904441833
10,baseline,5,1,0.7377403378486633,-0.9345065951347351
10,baseline,5,2,-0.46038341522216797,1.0148297548294067
10,baseline,5,3,-0.003967642784118652,1.1702929735183716
10,baseline,5,4,-0.16029945015907288,-0.5696565508842468
10,baseline,5,5,0.44785889983177185,0.29198622703552246
10,baseline,5,6,0.09084373712539673,0.061016350984573364
10,baseline,5,7,0.27413904666900635,-1.3973610401153564
10,baseline,5,8,-0.2801973819732666,1.2489385604858398
10,baseline,5,9,0.04981279373168945,1.20830237865448
10,baseline,5,10,0.07711288332939148,0.3734217584133148
10,baseline,5,11,0.008734077215194702,-0.14177143573760986
10,baseline,6,0,0.039603352546691895,0.0454910546541214
10,baseline,6,1,0.762202262878418,-0.9223082065582275
10,baseline,6,2,-0.3741114139556885,1.1140823364257812
10,baseline,6,3,-0.09046006202697754,1.0915353298187256
10,baseline,6,4,-0.1977938413619995,-0.6167652606964111
10,baseline,6,5,0.4643862396478653,0.3069835305213928
10,baseline,6,6,0.0837198793888092,0.0527348518371582
10,baseline,6,7,0.151322603225708,-1.5084646940231323
10,baseline,6,8,-0.21847867965698242,1.3090441226959229
10,baseline,6,9,0.06885373592376709,1.2236005067825317
10,baseline,6,10,0.09424185752868652,0.3821750581264496
10,baseline,6,11,0.010390862822532654,-0.13594022393226624
10,baseline,7,0,-0.027849704027175903,-0.026042252779006958
10,baseline,7,1,0.9233846664428711,-0.7555960416793823
10,baseline,7,2,-0.3907206058502197,1.0769295692443848
10,baseline,7,3,-0.14349353313446045,1.012779712677002
10,baseline,7,4,-0.34591177105903625,-0.7458384037017822
10,baseline,7,5,0.5574664026498795,0.39525991678237915
10,baseline,7,6,0.12229189276695251,0.10606497526168823
10,baseline,7,7,0.13100039958953857,-1.5116291046142578
10,baseline,7,8,-0.16329526901245117,1.3533804416656494
10,baseline,7,9,0.1681535243988037,1.1967395544052124
10,baseline,7,10,0.06422770023345947,0.3996106684207916
10,baseline,7,11,0.005228698253631592,-0.13828495144844055
10,baseline,8,0,0.07134872674942017,0.06958669424057007
10,baseline,8,1,1.0233989357948303,-0.651479184627533
10,baseline,8,2,-0.46050333976745605,1.0310766696929932
10,baseline,8,3,-0.17322057485580444,0.999973475933075
10,baseline,8,4,-0.3272647261619568,-0.7315622568130493
10,baseline,8,5,0.5546177923679352,0.3972569406032562
10,baseline,8,6,0.11875230073928833,0.09800189733505249
10,baseline,8,7,0.1689995527267456,-1.4790174961090088
10,baseline,8,8,-0.1653296947479248,1.357912540435791
10,baseline,8,9,0.04757034778594971,1.178122878074646
10,baseline,8,10,0.08662816882133484,0.39768412709236145
10,baseline,8,11,0.013015270233154297,-0.1368451863527298
10,baseline,9,0,0.11306934058666229,0.10542909801006317
10,baseline,9,1,0.9910785555839539,-0.678063690662384
10,baseline,9,2,-0.4691973924636841,1.0139704942703247
10,baseline,9,3,-0.16927707195281982,1.003554344177246
10,baseline,9,4,-0.27724841237068176,-0.6884243488311768
10,baseline,9,5,0.5189618021249771,0.3667527139186859
10,baseline,9,6,0.07064101099967957,0.08999615907669067
10,baseline,9,7,0.12383913993835449,-1.5176737308502197
10,baseline,9,8,-0.12205791473388672,1.380309820175171
10,baseline,9,9,0.05224716663360596,1.1776481866836548
10,baseline,9,10,0.042041242122650146,0.3923267126083374
10,baseline,9,11,0.01007021963596344,-0.14082831144332886
10,trained,0,0,-0.027021586894989014,-0.04298260807991028
10,trained,0,1,0.008364319801330566,-1.6673802137374878
10,trained,0,2,0.02050483226776123,1.4935818910598755
10,trained,0,3,0.012323260307312012,1.2048641443252563
10,trained,0,4,-0.0280207097530365,-0.4769241511821747
10,trained,0,5,-0.000263407826423645,-0.15038684010505676
10,trained,0,6,0.010376691818237305,-0.014201849699020386
10,trained,0,7,-0.0033441781997680664,-1.6936490535736084
10,trained,0,8,-0.009321212768554688,1.5004289150238037
10,trained,0,9,0.009248971939086914,1.19577157497406
10,trained,0,10,-0.0147915780544281,0.2758164703845978
10,trained,0,11,0.00815737247467041,-0.1391429603099823
10,trained,1,0,-0.05763384699821472,-0.06270018219947815
10,trained,1,1,0.024057626724243164,-1.6464293003082275
10,trained,1,2,0.013006806373596191,1.4896776676177979
10,trained,1,3,0.00614321231842041,1.195406198501587
10,trained,1,4,-0.011795759201049805,-0.45198681950569153
10,trained,1,5,0.003388717770576477,-0.14991861581802368
10,trained,1,6,0.020221441984176636,-0.014172762632369995
10,trained,1,7,-0.002333402633666992,-1.6847681999206543
10,trained,1,8,0.011828303337097168,1.5124441385269165
10,trained,1,9,-0.005910277366638184,1.1782208681106567
10,trained,1,10,0.005627304315567017,0.2961541712284088
10,trained,1,11,-0.005357831716537476,-0.14990438520908356
10,trained,2,0,-0.0481189489364624,-0.04757964611053467
10,trained,2,1,0.011875033378601074,-1.661798119544983
10,trained,2,2,-0.0013152360916137695,1.4758554697036743
10,trained,2,3,0.005690097808837891,1.1919535398483276
10,trained,2,4,-0.07573476433753967,-0.5057085156440735
10,trained,2,5,-0.002267807722091675,-0.15424738824367523
10,trained,2,6,0.008070498704910278,-0.021413326263427734
10,trained,2,7,-0.06436371803283691,-1.7487740516662598
10,trained,2,8,0.03066110610961914,1.5387423038482666
10,trained,2,9,0.02591395378112793,1.207338809967041
10,trained,2,10,0.016443461179733276,0.3122418224811554
10,trained,2,11,-9.116530418395996e-05,-0.14626909792423248
10,trained,3,0,-0.03923448920249939,-0.03887280821800232
10,trained,3,1,0.02765810489654541,-1.6501517295837402
10,trained,3,2,-0.002214193344116211,1.4727017879486084
10,trained,3,3,-0.0024971961975097656,1.1826016902923584
10,trained,3,4,-0.044628649950027466,-0.47765040397644043
10,trained,3,5,0.0036235302686691284,-0.1516857147216797
10,trained,3,6,0.016037553548812866,-0.008238732814788818
10,trained,3,7,-0.028658032417297363,-1.6993504762649536
10,trained,3,8,0.0005505084991455078,1.5207347869873047
10,trained,3,9,0.02368474006652832,1.1968461275100708
10,trained,3,10,0.01734742522239685,0.30805063247680664
10,trained,3,11,0.007515132427215576,-0.1428888440132141
10,trained,4,0,-0.04820042848587036,-0.048861026763916016
10,trained,4,1,0.013418912887573242,-1.674781322479248
10,trained,4,2,0.019810199737548828,1.495765209197998
10,trained,4,3,0.0133131742477417,1.194809079170227
10,trained,4,4,-0.043788254261016846,-0.4622824788093567
10,trained,4,5,-0.0019042640924453735,-0.15385636687278748
10,trained,4,6,0.029035091400146484,0.010728269815444946
10,trained,4,7,-0.0168687105178833,-1.6892504692077637
10,trained,4,8,0.001299738883972168,1.5318313837051392
10,trained,4,9,0.027523040771484375,1.181961178779602
10,trained,4,10,0.011927425861358643,0.30842095613479614
10,trained,4,11,0.0014427602291107178,-0.1486719697713852
10,trained,5,0,-0.03138872981071472,-0.02263045310974121
10,trained,5,1,0.026190996170043945,-1.6460559368133545
10,trained,5,2,0.008570313453674316,1.483783483505249
10,trained,5,3,0.0062302350997924805,1.1804908514022827
10,trained,5,4,-0.029799073934555054,-0.439156174659729
10,trained,5,5,0.006540745496749878,-0.1493319272994995
10,trained,5,6,0.02326381206512451,-0.0065635740756988525
10,trained,5,7,-0.0009287595748901367,-1.672428846359253
10,trained,5,8,-0.00804901123046875,1.5210869312286377
10,trained,5,9,0.026765823364257812,1.1852554082870483
10,trained,5,10,0.015133947134017944,0.3114428222179413
10,trained,5,11,0.0057118237018585205,-0.14479368925094604
10,trained,6,0,-0.022246435284614563,-0.01635873317718506
10,trained,6,1,0.02654409408569336,-1.6579663753509521
10,trained,6,2,0.014715909957885742,1.5029096603393555
10,trained,6,3,-0.01584339141845703,1.166152000427246
10,trained,6,4,-0.0611288845539093,-0.4801003038883209
10,trained,6,5,0.007226020097732544,-0.15017668902873993
10,trained,6,6,0.026396214962005615,-0.004588812589645386
10,trained,6,7,-0.04241442680358887,-1.7022017240524292
10,trained,6,8,-0.009069085121154785,1.5184537172317505
10,trained,6,9,0.03760957717895508,1.1923563480377197
10,trained,6,10,0.02860105037689209,0.31653425097465515
10,trained,6,11,-4.597008228302002e-05,-0.1463770568370819
10,trained,7,0,-0.051215946674346924,-0.04940849542617798
10,trained,7,1,0.021017074584960938,-1.6579636335372925
10,trained,7,2,0.007180213928222656,1.4748303890228271
10,trained,7,3,-0.0007990598678588867,1.1554741859436035
10,trained,7,4,-0.12047860026359558,-0.5204052329063416
10,trained,7,5,0.019144698977470398,-0.1430617868900299
10,trained,7,6,0.04738232493400574,0.031155407428741455
10,trained,7,7,-0.02374100685119629,-1.6663705110549927
10,trained,7,8,-0.02833724021911621,1.4883384704589844
10,trained,7,9,0.14273381233215332,1.171319842338562
10,trained,7,10,-0.007507979869842529,0.3278749883174896
10,trained,7,11,-0.0018316805362701416,-0.14534533023834229
10,trained,8,0,0.013565778732299805,0.011803746223449707
10,trained,8,1,0.025145888328552246,-1.649732232093811
10,trained,8,2,-0.02335190773010254,1.4682281017303467
10,trained,8,3,-0.05075633525848389,1.1224377155303955
10,trained,8,4,-0.0562114417552948,-0.46050897240638733
10,trained,8,5,0.005926951766014099,-0.15143389999866486
10,trained,8,6,0.06404939293861389,0.04329898953437805
10,trained,8,7,-0.012462019920349121,-1.6604790687561035
10,trained,8,8,-0.029971837997436523,1.4932703971862793
10,trained,8,9,-0.029702186584472656,1.1008503437042236
10,trained,8,10,0.0061546266078948975,0.3172105848789215
10,trained,8,11,0.005277454853057861,-0.14458300173282623
10,trained,9,0,0.018566042184829712,0.01092579960823059
10,trained,9,1,-0.013474702835083008,-1.682616949081421
10,trained,9,2,0.004701733589172363,1.4878696203231812
10,trained,9,3,-0.029963254928588867,1.142868161201477
10,trained,9,4,-0.03177925944328308,-0.4429551959037781
10,trained,9,5,-0.001768648624420166,-0.15397773683071136
10,trained,9,6,0.005910634994506836,0.025265783071517944
10,trained,9,7,-0.0359421968460083,-1.6774550676345825
10,trained,9,8,0.009255647659301758,1.5116233825683594
10,trained,9,9,0.006226301193237305,1.1316273212432861
10,trained,9,10,-0.030937880277633667,0.3193475902080536
10,trained,9,11,0.0008030533790588379,-0.15009547770023346
