branch,conditions_passed,conditions_total,geometric_success,global_step,initial_boundary_action,phase,root_id,settle_step,student_global_action
normal_h10,2,4,False,16,5,continuation,pose3_boundary5_plus10,,15
normal_h10,2,4,False,17,5,continuation,pose3_boundary5_plus10,,15
normal_h10,2,4,False,18,5,continuation,pose3_boundary5_plus10,,15
normal_h10,2,4,False,19,5,continuation,pose3_boundary5_plus10,,15
normal_h10,2,4,False,20,5,continuation,pose3_boundary5_plus10,,15
normal_h10,2,4,False,21,5,continuation,pose3_boundary5_plus10,,15
normal_h10,2,4,False,22,5,continuation,pose3_boundary5_plus10,,15
normal_h10,2,4,False,23,5,continuation,pose3_boundary5_plus10,,15
normal_h10,2,4,False,24,5,continuation,pose3_boundary5_plus10,,15
normal_h10,2,4,False,25,5,continuation,pose3_boundary5_plus10,,15
normal_h10,2,4,False,26,5,continuation,pose3_boundary5_plus10,,15
normal_h10,2,4,False,27,5,continuation,pose3_boundary5_plus10,,15
normal_h10,2,4,False,28,5,continuation,pose3_boundary5_plus10,,15
normal_h10,2,4,False,29,5,continuation,pose3_boundary5_plus10,,15
normal_h10,2,4,False,30,5,continuation,pose3_boundary5_plus10,,15
normal_h10,2,4,False,31,5,continuation,pose3_boundary5_plus10,,15
normal_h10,2,4,False,32,5,continuation,pose3_boundary5_plus10,,15
normal_h10,2,4,False,33,5,continuation,pose3_boundary5_plus10,,15
normal_h10,2,4,False,34,5,continuation,pose3_boundary5_plus10,,15
normal_h10,2,4,False,35,5,continuation,pose3_boundary5_plus10,,15
normal_h10,2,4,False,36,5,continuation,pose3_boundary5_plus10,,15
normal_h10,2,4,False,37,5,continuation,pose3_boundary5_plus10,,15
normal_h10,2,4,False,38,5,continuation,pose3_boundary5_plus10,,15
normal_h10,2,4,False,39,5,continuation,pose3_boundary5_plus10,,15
normal_h10,2,4,False,40,5,continuation,pose3_boundary5_plus10,,15
normal_h10,2,4,False,41,5,continuation,pose3_boundary5_plus10,,15
normal_h10,2,4,False,42,5,continuation,pose3_boundary5_plus10,,15
normal_h10,2,4,False,43,5,continuation,pose3_boundary5_plus10,,15
normal_h10,2,4,False,44,5,continuation,pose3_boundary5_plus10,,15
normal_h10,2,4,False,45,5,continuation,pose3_boundary5_plus10,,15
normal_h10,2,4,False,46,5,continuation,pose3_boundary5_plus10,,15
normal_h10,2,4,False,47,5,continuation,pose3_boundary5_plus10,,15
normal_h10,2,4,False,48,5,continuation,pose3_boundary5_plus10,,15
normal_h10,2,4,False,49,5,continuation,pose3_boundary5_plus10,,15
normal_h10,2,4,False,50,5,continuation,pose3_boundary5_plus10,,15
normal_h10,2,4,False,51,5,continuation,pose3_boundary5_plus10,,15
normal_h10,2,4,False,52,5,continuation,pose3_boundary5_plus10,,15
normal_h10,2,4,False,53,5,continuation,pose3_boundary5_plus10,,15
normal_h10,2,4,False,54,5,continuation,pose3_boundary5_plus10,,15
normal_h10,2,4,False,55,5,continuation,pose3_boundary5_plus10,,15
normal_h10,2,4,False,56,5,continuation,pose3_boundary5_plus10,,15
normal_h10,2,4,False,57,5,continuation,pose3_boundary5_plus10,,15
normal_h10,2,4,False,58,5,continuation,pose3_boundary5_plus10,,15
normal_h10,2,4,False,59,5,continuation,pose3_boundary5_plus10,,15
normal_h10,2,4,False,60,5,continuation,pose3_boundary5_plus10,,15
normal_h10,2,4,False,61,5,continuation,pose3_boundary5_plus10,,15
normal_h10,2,4,False,62,5,continuation,pose3_boundary5_plus10,,15
normal_h10,2,4,False,63,5,continuation,pose3_boundary5_plus10,,15
normal_h10,2,4,False,64,5,continuation,pose3_boundary5_plus10,,15
normal_h10,2,4,False,65,5,continuation,pose3_boundary5_plus10,,15
normal_h10,2,4,False,,5,terminal_settle,pose3_boundary5_plus10,1,15
normal_h10,2,4,False,,5,terminal_settle,pose3_boundary5_plus10,2,15
normal_h10,2,4,False,,5,terminal_settle,pose3_boundary5_plus10,3,15
normal_h10,2,4,False,,5,terminal_settle,pose3_boundary5_plus10,4,15
normal_h10,2,4,False,,5,terminal_settle,pose3_boundary5_plus10,5,15
normal_h10,2,4,False,,5,terminal_settle,pose3_boundary5_plus10,6,15
normal_h10,2,4,False,,5,terminal_settle,pose3_boundary5_plus10,7,15
normal_h10,2,4,False,,5,terminal_settle,pose3_boundary5_plus10,8,15
normal_h10,2,4,False,,5,terminal_settle,pose3_boundary5_plus10,9,15
normal_h10,2,4,False,,5,terminal_settle,pose3_boundary5_plus10,10,15
normal_h10,2,4,False,,5,terminal_settle,pose3_boundary5_plus10,11,15
normal_h10,2,4,False,,5,terminal_settle,pose3_boundary5_plus10,12,15
normal_h10,2,4,False,,5,terminal_settle,pose3_boundary5_plus10,13,15
normal_h10,2,4,False,,5,terminal_settle,pose3_boundary5_plus10,14,15
normal_h10,2,4,False,,5,terminal_settle,pose3_boundary5_plus10,15,15
normal_h10,2,4,False,,5,terminal_settle,pose3_boundary5_plus10,16,15
normal_h10,2,4,False,,5,terminal_settle,pose3_boundary5_plus10,17,15
normal_h10,2,4,False,,5,terminal_settle,pose3_boundary5_plus10,18,15
normal_h10,2,4,False,,5,terminal_settle,pose3_boundary5_plus10,19,15
normal_h10,2,4,False,,5,terminal_settle,pose3_boundary5_plus10,20,15
normal_h10,2,4,False,,5,terminal_settle,pose3_boundary5_plus10,21,15
normal_h10,2,4,False,,5,terminal_settle,pose3_boundary5_plus10,22,15
normal_h10,2,4,False,,5,terminal_settle,pose3_boundary5_plus10,23,15
normal_h10,2,4,False,,5,terminal_settle,pose3_boundary5_plus10,24,15
normal_h10,2,4,False,,5,terminal_settle,pose3_boundary5_plus10,25,15
normal_h10,2,4,False,,5,terminal_settle,pose3_boundary5_plus10,26,15
normal_h10,2,4,False,,5,terminal_settle,pose3_boundary5_plus10,27,15
normal_h10,2,4,False,,5,terminal_settle,pose3_boundary5_plus10,28,15
normal_h10,2,4,False,,5,terminal_settle,pose3_boundary5_plus10,29,15
normal_h10,2,4,False,,5,terminal_settle,pose3_boundary5_plus10,30,15
normal_h10,2,4,False,,5,terminal_settle,pose3_boundary5_plus10,31,15
normal_h10,2,4,False,,5,terminal_settle,pose3_boundary5_plus10,32,15
normal_h10,2,4,False,,5,terminal_settle,pose3_boundary5_plus10,33,15
normal_h10,2,4,False,,5,terminal_settle,pose3_boundary5_plus10,34,15
normal_h10,2,4,False,,5,terminal_settle,pose3_boundary5_plus10,35,15
normal_h10,2,4,False,,5,terminal_settle,pose3_boundary5_plus10,36,15
normal_h10,2,4,False,,5,terminal_settle,pose3_boundary5_plus10,37,15
normal_h10,2,4,False,,5,terminal_settle,pose3_boundary5_plus10,38,15
normal_h10,2,4,False,,5,terminal_settle,pose3_boundary5_plus10,39,15
normal_h10,2,4,False,,5,terminal_settle,pose3_boundary5_plus10,40,15
normal_h10,2,4,False,,5,terminal_settle,pose3_boundary5_plus10,41,15
normal_h10,2,4,False,,5,terminal_settle,pose3_boundary5_plus10,42,15
normal_h10,2,4,False,,5,terminal_settle,pose3_boundary5_plus10,43,15
normal_h10,2,4,False,,5,terminal_settle,pose3_boundary5_plus10,44,15
normal_h10,2,4,False,,5,terminal_settle,pose3_boundary5_plus10,45,15
normal_h10,2,4,False,,5,terminal_settle,pose3_boundary5_plus10,46,15
normal_h10,2,4,False,,5,terminal_settle,pose3_boundary5_plus10,47,15
normal_h10,2,4,False,,5,terminal_settle,pose3_boundary5_plus10,48,15
normal_h10,2,4,False,,5,terminal_settle,pose3_boundary5_plus10,49,15
normal_h10,2,4,False,,5,terminal_settle,pose3_boundary5_plus10,50,15
normal_h10,2,4,False,,5,terminal_settle,pose3_boundary5_plus10,51,15
normal_h10,2,4,False,,5,terminal_settle,pose3_boundary5_plus10,52,15
normal_h10,2,4,False,,5,terminal_settle,pose3_boundary5_plus10,53,15
normal_h10,2,4,False,,5,terminal_settle,pose3_boundary5_plus10,54,15
normal_h10,2,4,False,,5,terminal_settle,pose3_boundary5_plus10,55,15
normal_h10,2,4,False,,5,terminal_settle,pose3_boundary5_plus10,56,15
normal_h10,2,4,False,,5,terminal_settle,pose3_boundary5_plus10,57,15
normal_h10,2,4,False,,5,terminal_settle,pose3_boundary5_plus10,58,15
normal_h10,2,4,False,,5,terminal_settle,pose3_boundary5_plus10,59,15
normal_h10,2,4,False,,5,terminal_settle,pose3_boundary5_plus10,60,15
fresh_h50_open_loop,2,4,False,16,5,continuation,pose3_boundary5_plus10,,15
fresh_h50_open_loop,2,4,False,17,5,continuation,pose3_boundary5_plus10,,15
fresh_h50_open_loop,2,4,False,18,5,continuation,pose3_boundary5_plus10,,15
fresh_h50_open_loop,2,4,False,19,5,continuation,pose3_boundary5_plus10,,15
fresh_h50_open_loop,2,4,False,20,5,continuation,pose3_boundary5_plus10,,15
fresh_h50_open_loop,2,4,False,21,5,continuation,pose3_boundary5_plus10,,15
fresh_h50_open_loop,2,4,False,22,5,continuation,pose3_boundary5_plus10,,15
fresh_h50_open_loop,2,4,False,23,5,continuation,pose3_boundary5_plus10,,15
fresh_h50_open_loop,2,4,False,24,5,continuation,pose3_boundary5_plus10,,15
fresh_h50_open_loop,2,4,False,25,5,continuation,pose3_boundary5_plus10,,15
fresh_h50_open_loop,2,4,False,26,5,continuation,pose3_boundary5_plus10,,15
fresh_h50_open_loop,2,4,False,27,5,continuation,pose3_boundary5_plus10,,15
fresh_h50_open_loop,2,4,False,28,5,continuation,pose3_boundary5_plus10,,15
fresh_h50_open_loop,2,4,False,29,5,continuation,pose3_boundary5_plus10,,15
fresh_h50_open_loop,2,4,False,30,5,continuation,pose3_boundary5_plus10,,15
fresh_h50_open_loop,2,4,False,31,5,continuation,pose3_boundary5_plus10,,15
fresh_h50_open_loop,2,4,False,32,5,continuation,pose3_boundary5_plus10,,15
fresh_h50_open_loop,2,4,False,33,5,continuation,pose3_boundary5_plus10,,15
fresh_h50_open_loop,2,4,False,34,5,continuation,pose3_boundary5_plus10,,15
fresh_h50_open_loop,2,4,False,35,5,continuation,pose3_boundary5_plus10,,15
fresh_h50_open_loop,2,4,False,36,5,continuation,pose3_boundary5_plus10,,15
fresh_h50_open_loop,2,4,False,37,5,continuation,pose3_boundary5_plus10,,15
fresh_h50_open_loop,2,4,False,38,5,continuation,pose3_boundary5_plus10,,15
fresh_h50_open_loop,2,4,False,39,5,continuation,pose3_boundary5_plus10,,15
fresh_h50_open_loop,2,4,False,40,5,continuation,pose3_boundary5_plus10,,15
fresh_h50_open_loop,2,4,False,41,5,continuation,pose3_boundary5_plus10,,15
fresh_h50_open_loop,2,4,False,42,5,continuation,pose3_boundary5_plus10,,15
fresh_h50_open_loop,2,4,False,43,5,continuation,pose3_boundary5_plus10,,15
fresh_h50_open_loop,2,4,False,44,5,continuation,pose3_boundary5_plus10,,15
fresh_h50_open_loop,2,4,False,45,5,continuation,pose3_boundary5_plus10,,15
fresh_h50_open_loop,2,4,False,46,5,continuation,pose3_boundary5_plus10,,15
fresh_h50_open_loop,2,4,False,47,5,continuation,pose3_boundary5_plus10,,15
fresh_h50_open_loop,2,4,False,48,5,continuation,pose3_boundary5_plus10,,15
fresh_h50_open_loop,2,4,False,49,5,continuation,pose3_boundary5_plus10,,15
fresh_h50_open_loop,2,4,False,50,5,continuation,pose3_boundary5_plus10,,15
fresh_h50_open_loop,2,4,False,51,5,continuation,pose3_boundary5_plus10,,15
fresh_h50_open_loop,2,4,False,52,5,continuation,pose3_boundary5_plus10,,15
fresh_h50_open_loop,2,4,False,53,5,continuation,pose3_boundary5_plus10,,15
fresh_h50_open_loop,2,4,False,54,5,continuation,pose3_boundary5_plus10,,15
fresh_h50_open_loop,2,4,False,55,5,continuation,pose3_boundary5_plus10,,15
fresh_h50_open_loop,2,4,False,56,5,continuation,pose3_boundary5_plus10,,15
fresh_h50_open_loop,2,4,False,57,5,continuation,pose3_boundary5_plus10,,15
fresh_h50_open_loop,2,4,False,58,5,continuation,pose3_boundary5_plus10,,15
fresh_h50_open_loop,2,4,False,59,5,continuation,pose3_boundary5_plus10,,15
fresh_h50_open_loop,2,4,False,60,5,continuation,pose3_boundary5_plus10,,15
fresh_h50_open_loop,2,4,False,61,5,continuation,pose3_boundary5_plus10,,15
fresh_h50_open_loop,2,4,False,62,5,continuation,pose3_boundary5_plus10,,15
fresh_h50_open_loop,2,4,False,63,5,continuation,pose3_boundary5_plus10,,15
fresh_h50_open_loop,2,4,False,64,5,continuation,pose3_boundary5_plus10,,15
fresh_h50_open_loop,2,4,False,65,5,continuation,pose3_boundary5_plus10,,15
fresh_h50_open_loop,2,4,False,,5,terminal_settle,pose3_boundary5_plus10,1,15
fresh_h50_open_loop,2,4,False,,5,terminal_settle,pose3_boundary5_plus10,2,15
fresh_h50_open_loop,2,4,False,,5,terminal_settle,pose3_boundary5_plus10,3,15
fresh_h50_open_loop,2,4,False,,5,terminal_settle,pose3_boundary5_plus10,4,15
fresh_h50_open_loop,2,4,False,,5,terminal_settle,pose3_boundary5_plus10,5,15
fresh_h50_open_loop,2,4,False,,5,terminal_settle,pose3_boundary5_plus10,6,15
fresh_h50_open_loop,2,4,False,,5,terminal_settle,pose3_boundary5_plus10,7,15
fresh_h50_open_loop,2,4,False,,5,terminal_settle,pose3_boundary5_plus10,8,15
fresh_h50_open_loop,2,4,False,,5,terminal_settle,pose3_boundary5_plus10,9,15
fresh_h50_open_loop,2,4,False,,5,terminal_settle,pose3_boundary5_plus10,10,15
fresh_h50_open_loop,2,4,False,,5,terminal_settle,pose3_boundary5_plus10,11,15
fresh_h50_open_loop,2,4,False,,5,terminal_settle,pose3_boundary5_plus10,12,15
fresh_h50_open_loop,2,4,False,,5,terminal_settle,pose3_boundary5_plus10,13,15
fresh_h50_open_loop,2,4,False,,5,terminal_settle,pose3_boundary5_plus10,14,15
fresh_h50_open_loop,2,4,False,,5,terminal_settle,pose3_boundary5_plus10,15,15
fresh_h50_open_loop,2,4,False,,5,terminal_settle,pose3_boundary5_plus10,16,15
fresh_h50_open_loop,2,4,False,,5,terminal_settle,pose3_boundary5_plus10,17,15
fresh_h50_open_loop,2,4,False,,5,terminal_settle,pose3_boundary5_plus10,18,15
fresh_h50_open_loop,2,4,False,,5,terminal_settle,pose3_boundary5_plus10,19,15
fresh_h50_open_loop,2,4,False,,5,terminal_settle,pose3_boundary5_plus10,20,15
fresh_h50_open_loop,2,4,False,,5,terminal_settle,pose3_boundary5_plus10,21,15
fresh_h50_open_loop,2,4,False,,5,terminal_settle,pose3_boundary5_plus10,22,15
fresh_h50_open_loop,2,4,False,,5,terminal_settle,pose3_boundary5_plus10,23,15
fresh_h50_open_loop,2,4,False,,5,terminal_settle,pose3_boundary5_plus10,24,15
fresh_h50_open_loop,2,4,False,,5,terminal_settle,pose3_boundary5_plus10,25,15
fresh_h50_open_loop,2,4,False,,5,terminal_settle,pose3_boundary5_plus10,26,15
fresh_h50_open_loop,2,4,False,,5,terminal_settle,pose3_boundary5_plus10,27,15
fresh_h50_open_loop,2,4,False,,5,terminal_settle,pose3_boundary5_plus10,28,15
fresh_h50_open_loop,2,4,False,,5,terminal_settle,pose3_boundary5_plus10,29,15
fresh_h50_open_loop,2,4,False,,5,terminal_settle,pose3_boundary5_plus10,30,15
fresh_h50_open_loop,2,4,False,,5,terminal_settle,pose3_boundary5_plus10,31,15
fresh_h50_open_loop,2,4,False,,5,terminal_settle,pose3_boundary5_plus10,32,15
fresh_h50_open_loop,2,4,False,,5,terminal_settle,pose3_boundary5_plus10,33,15
fresh_h50_open_loop,2,4,False,,5,terminal_settle,pose3_boundary5_plus10,34,15
fresh_h50_open_loop,2,4,False,,5,terminal_settle,pose3_boundary5_plus10,35,15
fresh_h50_open_loop,2,4,False,,5,terminal_settle,pose3_boundary5_plus10,36,15
fresh_h50_open_loop,2,4,False,,5,terminal_settle,pose3_boundary5_plus10,37,15
fresh_h50_open_loop,2,4,False,,5,terminal_settle,pose3_boundary5_plus10,38,15
fresh_h50_open_loop,2,4,False,,5,terminal_settle,pose3_boundary5_plus10,39,15
fresh_h50_open_loop,2,4,False,,5,terminal_settle,pose3_boundary5_plus10,40,15
fresh_h50_open_loop,2,4,False,,5,terminal_settle,pose3_boundary5_plus10,41,15
fresh_h50_open_loop,2,4,False,,5,terminal_settle,pose3_boundary5_plus10,42,15
fresh_h50_open_loop,2,4,False,,5,terminal_settle,pose3_boundary5_plus10,43,15
fresh_h50_open_loop,2,4,False,,5,terminal_settle,pose3_boundary5_plus10,44,15
fresh_h50_open_loop,2,4,False,,5,terminal_settle,pose3_boundary5_plus10,45,15
fresh_h50_open_loop,2,4,False,,5,terminal_settle,pose3_boundary5_plus10,46,15
fresh_h50_open_loop,2,4,False,,5,terminal_settle,pose3_boundary5_plus10,47,15
fresh_h50_open_loop,2,4,False,,5,terminal_settle,pose3_boundary5_plus10,48,15
fresh_h50_open_loop,2,4,False,,5,terminal_settle,pose3_boundary5_plus10,49,15
fresh_h50_open_loop,2,4,False,,5,terminal_settle,pose3_boundary5_plus10,50,15
fresh_h50_open_loop,2,4,False,,5,terminal_settle,pose3_boundary5_plus10,51,15
fresh_h50_open_loop,2,4,False,,5,terminal_settle,pose3_boundary5_plus10,52,15
fresh_h50_open_loop,2,4,False,,5,terminal_settle,pose3_boundary5_plus10,53,15
fresh_h50_open_loop,2,4,False,,5,terminal_settle,pose3_boundary5_plus10,54,15
fresh_h50_open_loop,2,4,False,,5,terminal_settle,pose3_boundary5_plus10,55,15
fresh_h50_open_loop,2,4,False,,5,terminal_settle,pose3_boundary5_plus10,56,15
fresh_h50_open_loop,2,4,False,,5,terminal_settle,pose3_boundary5_plus10,57,15
fresh_h50_open_loop,2,4,False,,5,terminal_settle,pose3_boundary5_plus10,58,15
fresh_h50_open_loop,2,4,False,,5,terminal_settle,pose3_boundary5_plus10,59,15
fresh_h50_open_loop,2,4,False,,5,terminal_settle,pose3_boundary5_plus10,60,15
normal_h10,2,4,False,26,5,continuation,pose3_boundary5_plus20,,25
normal_h10,2,4,False,27,5,continuation,pose3_boundary5_plus20,,25
normal_h10,2,4,False,28,5,continuation,pose3_boundary5_plus20,,25
normal_h10,2,4,False,29,5,continuation,pose3_boundary5_plus20,,25
normal_h10,2,4,False,30,5,continuation,pose3_boundary5_plus20,,25
normal_h10,2,4,False,31,5,continuation,pose3_boundary5_plus20,,25
normal_h10,2,4,False,32,5,continuation,pose3_boundary5_plus20,,25
normal_h10,2,4,False,33,5,continuation,pose3_boundary5_plus20,,25
normal_h10,2,4,False,34,5,continuation,pose3_boundary5_plus20,,25
normal_h10,2,4,False,35,5,continuation,pose3_boundary5_plus20,,25
normal_h10,2,4,False,36,5,continuation,pose3_boundary5_plus20,,25
normal_h10,2,4,False,37,5,continuation,pose3_boundary5_plus20,,25
normal_h10,2,4,False,38,5,continuation,pose3_boundary5_plus20,,25
normal_h10,2,4,False,39,5,continuation,pose3_boundary5_plus20,,25
normal_h10,2,4,False,40,5,continuation,pose3_boundary5_plus20,,25
normal_h10,2,4,False,41,5,continuation,pose3_boundary5_plus20,,25
normal_h10,2,4,False,42,5,continuation,pose3_boundary5_plus20,,25
normal_h10,2,4,False,43,5,continuation,pose3_boundary5_plus20,,25
normal_h10,2,4,False,44,5,continuation,pose3_boundary5_plus20,,25
normal_h10,2,4,False,45,5,continuation,pose3_boundary5_plus20,,25
normal_h10,2,4,False,46,5,continuation,pose3_boundary5_plus20,,25
normal_h10,2,4,False,47,5,continuation,pose3_boundary5_plus20,,25
normal_h10,2,4,False,48,5,continuation,pose3_boundary5_plus20,,25
normal_h10,2,4,False,49,5,continuation,pose3_boundary5_plus20,,25
normal_h10,2,4,False,50,5,continuation,pose3_boundary5_plus20,,25
normal_h10,2,4,False,51,5,continuation,pose3_boundary5_plus20,,25
normal_h10,2,4,False,52,5,continuation,pose3_boundary5_plus20,,25
normal_h10,2,4,False,53,5,continuation,pose3_boundary5_plus20,,25
normal_h10,2,4,False,54,5,continuation,pose3_boundary5_plus20,,25
normal_h10,2,4,False,55,5,continuation,pose3_boundary5_plus20,,25
normal_h10,2,4,False,56,5,continuation,pose3_boundary5_plus20,,25
normal_h10,2,4,False,57,5,continuation,pose3_boundary5_plus20,,25
normal_h10,2,4,False,58,5,continuation,pose3_boundary5_plus20,,25
normal_h10,2,4,False,59,5,continuation,pose3_boundary5_plus20,,25
normal_h10,2,4,False,60,5,continuation,pose3_boundary5_plus20,,25
normal_h10,2,4,False,61,5,continuation,pose3_boundary5_plus20,,25
normal_h10,2,4,False,62,5,continuation,pose3_boundary5_plus20,,25
normal_h10,2,4,False,63,5,continuation,pose3_boundary5_plus20,,25
normal_h10,2,4,False,64,5,continuation,pose3_boundary5_plus20,,25
normal_h10,1,4,False,65,5,continuation,pose3_boundary5_plus20,,25
normal_h10,1,4,False,66,5,continuation,pose3_boundary5_plus20,,25
normal_h10,1,4,False,67,5,continuation,pose3_boundary5_plus20,,25
normal_h10,1,4,False,68,5,continuation,pose3_boundary5_plus20,,25
normal_h10,1,4,False,69,5,continuation,pose3_boundary5_plus20,,25
normal_h10,1,4,False,70,5,continuation,pose3_boundary5_plus20,,25
normal_h10,1,4,False,71,5,continuation,pose3_boundary5_plus20,,25
normal_h10,1,4,False,72,5,continuation,pose3_boundary5_plus20,,25
normal_h10,1,4,False,73,5,continuation,pose3_boundary5_plus20,,25
normal_h10,1,4,False,74,5,continuation,pose3_boundary5_plus20,,25
normal_h10,1,4,False,75,5,continuation,pose3_boundary5_plus20,,25
normal_h10,1,4,False,,5,terminal_settle,pose3_boundary5_plus20,1,25
normal_h10,1,4,False,,5,terminal_settle,pose3_boundary5_plus20,2,25
normal_h10,1,4,False,,5,terminal_settle,pose3_boundary5_plus20,3,25
normal_h10,1,4,False,,5,terminal_settle,pose3_boundary5_plus20,4,25
normal_h10,1,4,False,,5,terminal_settle,pose3_boundary5_plus20,5,25
normal_h10,1,4,False,,5,terminal_settle,pose3_boundary5_plus20,6,25
normal_h10,1,4,False,,5,terminal_settle,pose3_boundary5_plus20,7,25
normal_h10,1,4,False,,5,terminal_settle,pose3_boundary5_plus20,8,25
normal_h10,1,4,False,,5,terminal_settle,pose3_boundary5_plus20,9,25
normal_h10,1,4,False,,5,terminal_settle,pose3_boundary5_plus20,10,25
normal_h10,1,4,False,,5,terminal_settle,pose3_boundary5_plus20,11,25
normal_h10,1,4,False,,5,terminal_settle,pose3_boundary5_plus20,12,25
normal_h10,1,4,False,,5,terminal_settle,pose3_boundary5_plus20,13,25
normal_h10,1,4,False,,5,terminal_settle,pose3_boundary5_plus20,14,25
normal_h10,1,4,False,,5,terminal_settle,pose3_boundary5_plus20,15,25
normal_h10,1,4,False,,5,terminal_settle,pose3_boundary5_plus20,16,25
normal_h10,1,4,False,,5,terminal_settle,pose3_boundary5_plus20,17,25
normal_h10,1,4,False,,5,terminal_settle,pose3_boundary5_plus20,18,25
normal_h10,1,4,False,,5,terminal_settle,pose3_boundary5_plus20,19,25
normal_h10,1,4,False,,5,terminal_settle,pose3_boundary5_plus20,20,25
normal_h10,1,4,False,,5,terminal_settle,pose3_boundary5_plus20,21,25
normal_h10,1,4,False,,5,terminal_settle,pose3_boundary5_plus20,22,25
normal_h10,1,4,False,,5,terminal_settle,pose3_boundary5_plus20,23,25
normal_h10,1,4,False,,5,terminal_settle,pose3_boundary5_plus20,24,25
normal_h10,1,4,False,,5,terminal_settle,pose3_boundary5_plus20,25,25
normal_h10,1,4,False,,5,terminal_settle,pose3_boundary5_plus20,26,25
normal_h10,1,4,False,,5,terminal_settle,pose3_boundary5_plus20,27,25
normal_h10,1,4,False,,5,terminal_settle,pose3_boundary5_plus20,28,25
normal_h10,1,4,False,,5,terminal_settle,pose3_boundary5_plus20,29,25
normal_h10,1,4,False,,5,terminal_settle,pose3_boundary5_plus20,30,25
normal_h10,1,4,False,,5,terminal_settle,pose3_boundary5_plus20,31,25
normal_h10,1,4,False,,5,terminal_settle,pose3_boundary5_plus20,32,25
normal_h10,1,4,False,,5,terminal_settle,pose3_boundary5_plus20,33,25
normal_h10,1,4,False,,5,terminal_settle,pose3_boundary5_plus20,34,25
normal_h10,1,4,False,,5,terminal_settle,pose3_boundary5_plus20,35,25
normal_h10,1,4,False,,5,terminal_settle,pose3_boundary5_plus20,36,25
normal_h10,1,4,False,,5,terminal_settle,pose3_boundary5_plus20,37,25
normal_h10,1,4,False,,5,terminal_settle,pose3_boundary5_plus20,38,25
normal_h10,1,4,False,,5,terminal_settle,pose3_boundary5_plus20,39,25
normal_h10,1,4,False,,5,terminal_settle,pose3_boundary5_plus20,40,25
normal_h10,1,4,False,,5,terminal_settle,pose3_boundary5_plus20,41,25
normal_h10,1,4,False,,5,terminal_settle,pose3_boundary5_plus20,42,25
normal_h10,1,4,False,,5,terminal_settle,pose3_boundary5_plus20,43,25
normal_h10,1,4,False,,5,terminal_settle,pose3_boundary5_plus20,44,25
normal_h10,1,4,False,,5,terminal_settle,pose3_boundary5_plus20,45,25
normal_h10,1,4,False,,5,terminal_settle,pose3_boundary5_plus20,46,25
normal_h10,1,4,False,,5,terminal_settle,pose3_boundary5_plus20,47,25
normal_h10,1,4,False,,5,terminal_settle,pose3_boundary5_plus20,48,25
normal_h10,1,4,False,,5,terminal_settle,pose3_boundary5_plus20,49,25
normal_h10,1,4,False,,5,terminal_settle,pose3_boundary5_plus20,50,25
normal_h10,1,4,False,,5,terminal_settle,pose3_boundary5_plus20,51,25
normal_h10,1,4,False,,5,terminal_settle,pose3_boundary5_plus20,52,25
normal_h10,1,4,False,,5,terminal_settle,pose3_boundary5_plus20,53,25
normal_h10,1,4,False,,5,terminal_settle,pose3_boundary5_plus20,54,25
normal_h10,1,4,False,,5,terminal_settle,pose3_boundary5_plus20,55,25
normal_h10,1,4,False,,5,terminal_settle,pose3_boundary5_plus20,56,25
normal_h10,1,4,False,,5,terminal_settle,pose3_boundary5_plus20,57,25
normal_h10,1,4,False,,5,terminal_settle,pose3_boundary5_plus20,58,25
normal_h10,1,4,False,,5,terminal_settle,pose3_boundary5_plus20,59,25
normal_h10,1,4,False,,5,terminal_settle,pose3_boundary5_plus20,60,25
fresh_h50_open_loop,2,4,False,26,5,continuation,pose3_boundary5_plus20,,25
fresh_h50_open_loop,2,4,False,27,5,continuation,pose3_boundary5_plus20,,25
fresh_h50_open_loop,2,4,False,28,5,continuation,pose3_boundary5_plus20,,25
fresh_h50_open_loop,2,4,False,29,5,continuation,pose3_boundary5_plus20,,25
fresh_h50_open_loop,2,4,False,30,5,continuation,pose3_boundary5_plus20,,25
fresh_h50_open_loop,2,4,False,31,5,continuation,pose3_boundary5_plus20,,25
fresh_h50_open_loop,2,4,False,32,5,continuation,pose3_boundary5_plus20,,25
fresh_h50_open_loop,2,4,False,33,5,continuation,pose3_boundary5_plus20,,25
fresh_h50_open_loop,2,4,False,34,5,continuation,pose3_boundary5_plus20,,25
fresh_h50_open_loop,2,4,False,35,5,continuation,pose3_boundary5_plus20,,25
fresh_h50_open_loop,2,4,False,36,5,continuation,pose3_boundary5_plus20,,25
fresh_h50_open_loop,2,4,False,37,5,continuation,pose3_boundary5_plus20,,25
fresh_h50_open_loop,2,4,False,38,5,continuation,pose3_boundary5_plus20,,25
fresh_h50_open_loop,2,4,False,39,5,continuation,pose3_boundary5_plus20,,25
fresh_h50_open_loop,2,4,False,40,5,continuation,pose3_boundary5_plus20,,25
fresh_h50_open_loop,2,4,False,41,5,continuation,pose3_boundary5_plus20,,25
fresh_h50_open_loop,2,4,False,42,5,continuation,pose3_boundary5_plus20,,25
fresh_h50_open_loop,2,4,False,43,5,continuation,pose3_boundary5_plus20,,25
fresh_h50_open_loop,2,4,False,44,5,continuation,pose3_boundary5_plus20,,25
fresh_h50_open_loop,2,4,False,45,5,continuation,pose3_boundary5_plus20,,25
fresh_h50_open_loop,2,4,False,46,5,continuation,pose3_boundary5_plus20,,25
fresh_h50_open_loop,2,4,False,47,5,continuation,pose3_boundary5_plus20,,25
fresh_h50_open_loop,2,4,False,48,5,continuation,pose3_boundary5_plus20,,25
fresh_h50_open_loop,2,4,False,49,5,continuation,pose3_boundary5_plus20,,25
fresh_h50_open_loop,2,4,False,50,5,continuation,pose3_boundary5_plus20,,25
fresh_h50_open_loop,2,4,False,51,5,continuation,pose3_boundary5_plus20,,25
fresh_h50_open_loop,2,4,False,52,5,continuation,pose3_boundary5_plus20,,25
fresh_h50_open_loop,2,4,False,53,5,continuation,pose3_boundary5_plus20,,25
fresh_h50_open_loop,2,4,False,54,5,continuation,pose3_boundary5_plus20,,25
fresh_h50_open_loop,2,4,False,55,5,continuation,pose3_boundary5_plus20,,25
fresh_h50_open_loop,2,4,False,56,5,continuation,pose3_boundary5_plus20,,25
fresh_h50_open_loop,2,4,False,57,5,continuation,pose3_boundary5_plus20,,25
fresh_h50_open_loop,2,4,False,58,5,continuation,pose3_boundary5_plus20,,25
fresh_h50_open_loop,2,4,False,59,5,continuation,pose3_boundary5_plus20,,25
fresh_h50_open_loop,2,4,False,60,5,continuation,pose3_boundary5_plus20,,25
fresh_h50_open_loop,2,4,False,61,5,continuation,pose3_boundary5_plus20,,25
fresh_h50_open_loop,2,4,False,62,5,continuation,pose3_boundary5_plus20,,25
fresh_h50_open_loop,2,4,False,63,5,continuation,pose3_boundary5_plus20,,25
fresh_h50_open_loop,2,4,False,64,5,continuation,pose3_boundary5_plus20,,25
fresh_h50_open_loop,2,4,False,65,5,continuation,pose3_boundary5_plus20,,25
fresh_h50_open_loop,2,4,False,66,5,continuation,pose3_boundary5_plus20,,25
fresh_h50_open_loop,2,4,False,67,5,continuation,pose3_boundary5_plus20,,25
fresh_h50_open_loop,2,4,False,68,5,continuation,pose3_boundary5_plus20,,25
fresh_h50_open_loop,2,4,False,69,5,continuation,pose3_boundary5_plus20,,25
fresh_h50_open_loop,2,4,False,70,5,continuation,pose3_boundary5_plus20,,25
fresh_h50_open_loop,2,4,False,71,5,continuation,pose3_boundary5_plus20,,25
fresh_h50_open_loop,2,4,False,72,5,continuation,pose3_boundary5_plus20,,25
fresh_h50_open_loop,2,4,False,73,5,continuation,pose3_boundary5_plus20,,25
fresh_h50_open_loop,2,4,False,74,5,continuation,pose3_boundary5_plus20,,25
fresh_h50_open_loop,2,4,False,75,5,continuation,pose3_boundary5_plus20,,25
fresh_h50_open_loop,2,4,False,,5,terminal_settle,pose3_boundary5_plus20,1,25
fresh_h50_open_loop,2,4,False,,5,terminal_settle,pose3_boundary5_plus20,2,25
fresh_h50_open_loop,2,4,False,,5,terminal_settle,pose3_boundary5_plus20,3,25
fresh_h50_open_loop,2,4,False,,5,terminal_settle,pose3_boundary5_plus20,4,25
fresh_h50_open_loop,2,4,False,,5,terminal_settle,pose3_boundary5_plus20,5,25
fresh_h50_open_loop,2,4,False,,5,terminal_settle,pose3_boundary5_plus20,6,25
fresh_h50_open_loop,2,4,False,,5,terminal_settle,pose3_boundary5_plus20,7,25
fresh_h50_open_loop,2,4,False,,5,terminal_settle,pose3_boundary5_plus20,8,25
fresh_h50_open_loop,2,4,False,,5,terminal_settle,pose3_boundary5_plus20,9,25
fresh_h50_open_loop,2,4,False,,5,terminal_settle,pose3_boundary5_plus20,10,25
fresh_h50_open_loop,2,4,False,,5,terminal_settle,pose3_boundary5_plus20,11,25
fresh_h50_open_loop,2,4,False,,5,terminal_settle,pose3_boundary5_plus20,12,25
fresh_h50_open_loop,2,4,False,,5,terminal_settle,pose3_boundary5_plus20,13,25
fresh_h50_open_loop,2,4,False,,5,terminal_settle,pose3_boundary5_plus20,14,25
fresh_h50_open_loop,2,4,False,,5,terminal_settle,pose3_boundary5_plus20,15,25
fresh_h50_open_loop,2,4,False,,5,terminal_settle,pose3_boundary5_plus20,16,25
fresh_h50_open_loop,2,4,False,,5,terminal_settle,pose3_boundary5_plus20,17,25
fresh_h50_open_loop,2,4,False,,5,terminal_settle,pose3_boundary5_plus20,18,25
fresh_h50_open_loop,2,4,False,,5,terminal_settle,pose3_boundary5_plus20,19,25
fresh_h50_open_loop,2,4,False,,5,terminal_settle,pose3_boundary5_plus20,20,25
fresh_h50_open_loop,2,4,False,,5,terminal_settle,pose3_boundary5_plus20,21,25
fresh_h50_open_loop,2,4,False,,5,terminal_settle,pose3_boundary5_plus20,22,25
fresh_h50_open_loop,2,4,False,,5,terminal_settle,pose3_boundary5_plus20,23,25
fresh_h50_open_loop,2,4,False,,5,terminal_settle,pose3_boundary5_plus20,24,25
fresh_h50_open_loop,2,4,False,,5,terminal_settle,pose3_boundary5_plus20,25,25
fresh_h50_open_loop,2,4,False,,5,terminal_settle,pose3_boundary5_plus20,26,25
fresh_h50_open_loop,2,4,False,,5,terminal_settle,pose3_boundary5_plus20,27,25
fresh_h50_open_loop,2,4,False,,5,terminal_settle,pose3_boundary5_plus20,28,25
fresh_h50_open_loop,2,4,False,,5,terminal_settle,pose3_boundary5_plus20,29,25
fresh_h50_open_loop,2,4,False,,5,terminal_settle,pose3_boundary5_plus20,30,25
fresh_h50_open_loop,2,4,False,,5,terminal_settle,pose3_boundary5_plus20,31,25
fresh_h50_open_loop,2,4,False,,5,terminal_settle,pose3_boundary5_plus20,32,25
fresh_h50_open_loop,2,4,False,,5,terminal_settle,pose3_boundary5_plus20,33,25
fresh_h50_open_loop,2,4,False,,5,terminal_settle,pose3_boundary5_plus20,34,25
fresh_h50_open_loop,2,4,False,,5,terminal_settle,pose3_boundary5_plus20,35,25
fresh_h50_open_loop,2,4,False,,5,terminal_settle,pose3_boundary5_plus20,36,25
fresh_h50_open_loop,2,4,False,,5,terminal_settle,pose3_boundary5_plus20,37,25
fresh_h50_open_loop,2,4,False,,5,terminal_settle,pose3_boundary5_plus20,38,25
fresh_h50_open_loop,2,4,False,,5,terminal_settle,pose3_boundary5_plus20,39,25
fresh_h50_open_loop,2,4,False,,5,terminal_settle,pose3_boundary5_plus20,40,25
fresh_h50_open_loop,2,4,False,,5,terminal_settle,pose3_boundary5_plus20,41,25
fresh_h50_open_loop,2,4,False,,5,terminal_settle,pose3_boundary5_plus20,42,25
fresh_h50_open_loop,2,4,False,,5,terminal_settle,pose3_boundary5_plus20,43,25
fresh_h50_open_loop,2,4,False,,5,terminal_settle,pose3_boundary5_plus20,44,25
fresh_h50_open_loop,2,4,False,,5,terminal_settle,pose3_boundary5_plus20,45,25
fresh_h50_open_loop,2,4,False,,5,terminal_settle,pose3_boundary5_plus20,46,25
fresh_h50_open_loop,2,4,False,,5,terminal_settle,pose3_boundary5_plus20,47,25
fresh_h50_open_loop,2,4,False,,5,terminal_settle,pose3_boundary5_plus20,48,25
fresh_h50_open_loop,2,4,False,,5,terminal_settle,pose3_boundary5_plus20,49,25
fresh_h50_open_loop,2,4,False,,5,terminal_settle,pose3_boundary5_plus20,50,25
fresh_h50_open_loop,2,4,False,,5,terminal_settle,pose3_boundary5_plus20,51,25
fresh_h50_open_loop,2,4,False,,5,terminal_settle,pose3_boundary5_plus20,52,25
fresh_h50_open_loop,2,4,False,,5,terminal_settle,pose3_boundary5_plus20,53,25
fresh_h50_open_loop,2,4,False,,5,terminal_settle,pose3_boundary5_plus20,54,25
fresh_h50_open_loop,2,4,False,,5,terminal_settle,pose3_boundary5_plus20,55,25
fresh_h50_open_loop,2,4,False,,5,terminal_settle,pose3_boundary5_plus20,56,25
fresh_h50_open_loop,2,4,False,,5,terminal_settle,pose3_boundary5_plus20,57,25
fresh_h50_open_loop,2,4,False,,5,terminal_settle,pose3_boundary5_plus20,58,25
fresh_h50_open_loop,2,4,False,,5,terminal_settle,pose3_boundary5_plus20,59,25
fresh_h50_open_loop,2,4,False,,5,terminal_settle,pose3_boundary5_plus20,60,25
normal_h10,2,4,False,36,5,continuation,pose3_boundary5_plus30,,35
normal_h10,2,4,False,37,5,continuation,pose3_boundary5_plus30,,35
normal_h10,2,4,False,38,5,continuation,pose3_boundary5_plus30,,35
normal_h10,2,4,False,39,5,continuation,pose3_boundary5_plus30,,35
normal_h10,2,4,False,40,5,continuation,pose3_boundary5_plus30,,35
normal_h10,2,4,False,41,5,continuation,pose3_boundary5_plus30,,35
normal_h10,2,4,False,42,5,continuation,pose3_boundary5_plus30,,35
normal_h10,2,4,False,43,5,continuation,pose3_boundary5_plus30,,35
normal_h10,2,4,False,44,5,continuation,pose3_boundary5_plus30,,35
normal_h10,2,4,False,45,5,continuation,pose3_boundary5_plus30,,35
normal_h10,2,4,False,46,5,continuation,pose3_boundary5_plus30,,35
normal_h10,2,4,False,47,5,continuation,pose3_boundary5_plus30,,35
normal_h10,2,4,False,48,5,continuation,pose3_boundary5_plus30,,35
normal_h10,2,4,False,49,5,continuation,pose3_boundary5_plus30,,35
normal_h10,2,4,False,50,5,continuation,pose3_boundary5_plus30,,35
normal_h10,2,4,False,51,5,continuation,pose3_boundary5_plus30,,35
normal_h10,2,4,False,52,5,continuation,pose3_boundary5_plus30,,35
normal_h10,2,4,False,53,5,continuation,pose3_boundary5_plus30,,35
normal_h10,2,4,False,54,5,continuation,pose3_boundary5_plus30,,35
normal_h10,2,4,False,55,5,continuation,pose3_boundary5_plus30,,35
normal_h10,2,4,False,56,5,continuation,pose3_boundary5_plus30,,35
normal_h10,2,4,False,57,5,continuation,pose3_boundary5_plus30,,35
normal_h10,2,4,False,58,5,continuation,pose3_boundary5_plus30,,35
normal_h10,2,4,False,59,5,continuation,pose3_boundary5_plus30,,35
normal_h10,2,4,False,60,5,continuation,pose3_boundary5_plus30,,35
normal_h10,2,4,False,61,5,continuation,pose3_boundary5_plus30,,35
normal_h10,2,4,False,62,5,continuation,pose3_boundary5_plus30,,35
normal_h10,2,4,False,63,5,continuation,pose3_boundary5_plus30,,35
normal_h10,2,4,False,64,5,continuation,pose3_boundary5_plus30,,35
normal_h10,2,4,False,65,5,continuation,pose3_boundary5_plus30,,35
normal_h10,2,4,False,66,5,continuation,pose3_boundary5_plus30,,35
normal_h10,1,4,False,67,5,continuation,pose3_boundary5_plus30,,35
normal_h10,1,4,False,68,5,continuation,pose3_boundary5_plus30,,35
normal_h10,1,4,False,69,5,continuation,pose3_boundary5_plus30,,35
normal_h10,1,4,False,70,5,continuation,pose3_boundary5_plus30,,35
normal_h10,1,4,False,71,5,continuation,pose3_boundary5_plus30,,35
normal_h10,1,4,False,72,5,continuation,pose3_boundary5_plus30,,35
normal_h10,1,4,False,73,5,continuation,pose3_boundary5_plus30,,35
normal_h10,1,4,False,74,5,continuation,pose3_boundary5_plus30,,35
normal_h10,1,4,False,75,5,continuation,pose3_boundary5_plus30,,35
normal_h10,1,4,False,76,5,continuation,pose3_boundary5_plus30,,35
normal_h10,1,4,False,77,5,continuation,pose3_boundary5_plus30,,35
normal_h10,1,4,False,78,5,continuation,pose3_boundary5_plus30,,35
normal_h10,1,4,False,79,5,continuation,pose3_boundary5_plus30,,35
normal_h10,1,4,False,80,5,continuation,pose3_boundary5_plus30,,35
normal_h10,1,4,False,81,5,continuation,pose3_boundary5_plus30,,35
normal_h10,1,4,False,82,5,continuation,pose3_boundary5_plus30,,35
normal_h10,1,4,False,83,5,continuation,pose3_boundary5_plus30,,35
normal_h10,1,4,False,84,5,continuation,pose3_boundary5_plus30,,35
normal_h10,1,4,False,85,5,continuation,pose3_boundary5_plus30,,35
normal_h10,1,4,False,,5,terminal_settle,pose3_boundary5_plus30,1,35
normal_h10,1,4,False,,5,terminal_settle,pose3_boundary5_plus30,2,35
normal_h10,1,4,False,,5,terminal_settle,pose3_boundary5_plus30,3,35
normal_h10,1,4,False,,5,terminal_settle,pose3_boundary5_plus30,4,35
normal_h10,1,4,False,,5,terminal_settle,pose3_boundary5_plus30,5,35
normal_h10,1,4,False,,5,terminal_settle,pose3_boundary5_plus30,6,35
normal_h10,1,4,False,,5,terminal_settle,pose3_boundary5_plus30,7,35
normal_h10,1,4,False,,5,terminal_settle,pose3_boundary5_plus30,8,35
normal_h10,1,4,False,,5,terminal_settle,pose3_boundary5_plus30,9,35
normal_h10,1,4,False,,5,terminal_settle,pose3_boundary5_plus30,10,35
normal_h10,1,4,False,,5,terminal_settle,pose3_boundary5_plus30,11,35
normal_h10,1,4,False,,5,terminal_settle,pose3_boundary5_plus30,12,35
normal_h10,1,4,False,,5,terminal_settle,pose3_boundary5_plus30,13,35
normal_h10,1,4,False,,5,terminal_settle,pose3_boundary5_plus30,14,35
normal_h10,1,4,False,,5,terminal_settle,pose3_boundary5_plus30,15,35
normal_h10,1,4,False,,5,terminal_settle,pose3_boundary5_plus30,16,35
normal_h10,1,4,False,,5,terminal_settle,pose3_boundary5_plus30,17,35
normal_h10,1,4,False,,5,terminal_settle,pose3_boundary5_plus30,18,35
normal_h10,1,4,False,,5,terminal_settle,pose3_boundary5_plus30,19,35
normal_h10,1,4,False,,5,terminal_settle,pose3_boundary5_plus30,20,35
normal_h10,1,4,False,,5,terminal_settle,pose3_boundary5_plus30,21,35
normal_h10,1,4,False,,5,terminal_settle,pose3_boundary5_plus30,22,35
normal_h10,1,4,False,,5,terminal_settle,pose3_boundary5_plus30,23,35
normal_h10,1,4,False,,5,terminal_settle,pose3_boundary5_plus30,24,35
normal_h10,1,4,False,,5,terminal_settle,pose3_boundary5_plus30,25,35
normal_h10,1,4,False,,5,terminal_settle,pose3_boundary5_plus30,26,35
normal_h10,1,4,False,,5,terminal_settle,pose3_boundary5_plus30,27,35
normal_h10,1,4,False,,5,terminal_settle,pose3_boundary5_plus30,28,35
normal_h10,1,4,False,,5,terminal_settle,pose3_boundary5_plus30,29,35
normal_h10,1,4,False,,5,terminal_settle,pose3_boundary5_plus30,30,35
normal_h10,1,4,False,,5,terminal_settle,pose3_boundary5_plus30,31,35
normal_h10,1,4,False,,5,terminal_settle,pose3_boundary5_plus30,32,35
normal_h10,1,4,False,,5,terminal_settle,pose3_boundary5_plus30,33,35
normal_h10,1,4,False,,5,terminal_settle,pose3_boundary5_plus30,34,35
normal_h10,1,4,False,,5,terminal_settle,pose3_boundary5_plus30,35,35
normal_h10,1,4,False,,5,terminal_settle,pose3_boundary5_plus30,36,35
normal_h10,1,4,False,,5,terminal_settle,pose3_boundary5_plus30,37,35
normal_h10,1,4,False,,5,terminal_settle,pose3_boundary5_plus30,38,35
normal_h10,1,4,False,,5,terminal_settle,pose3_boundary5_plus30,39,35
normal_h10,1,4,False,,5,terminal_settle,pose3_boundary5_plus30,40,35
normal_h10,1,4,False,,5,terminal_settle,pose3_boundary5_plus30,41,35
normal_h10,1,4,False,,5,terminal_settle,pose3_boundary5_plus30,42,35
normal_h10,1,4,False,,5,terminal_settle,pose3_boundary5_plus30,43,35
normal_h10,1,4,False,,5,terminal_settle,pose3_boundary5_plus30,44,35
normal_h10,1,4,False,,5,terminal_settle,pose3_boundary5_plus30,45,35
normal_h10,1,4,False,,5,terminal_settle,pose3_boundary5_plus30,46,35
normal_h10,1,4,False,,5,terminal_settle,pose3_boundary5_plus30,47,35
normal_h10,1,4,False,,5,terminal_settle,pose3_boundary5_plus30,48,35
normal_h10,1,4,False,,5,terminal_settle,pose3_boundary5_plus30,49,35
normal_h10,1,4,False,,5,terminal_settle,pose3_boundary5_plus30,50,35
normal_h10,1,4,False,,5,terminal_settle,pose3_boundary5_plus30,51,35
normal_h10,1,4,False,,5,terminal_settle,pose3_boundary5_plus30,52,35
normal_h10,1,4,False,,5,terminal_settle,pose3_boundary5_plus30,53,35
normal_h10,1,4,False,,5,terminal_settle,pose3_boundary5_plus30,54,35
normal_h10,1,4,False,,5,terminal_settle,pose3_boundary5_plus30,55,35
normal_h10,1,4,False,,5,terminal_settle,pose3_boundary5_plus30,56,35
normal_h10,1,4,False,,5,terminal_settle,pose3_boundary5_plus30,57,35
normal_h10,1,4,False,,5,terminal_settle,pose3_boundary5_plus30,58,35
normal_h10,1,4,False,,5,terminal_settle,pose3_boundary5_plus30,59,35
normal_h10,1,4,False,,5,terminal_settle,pose3_boundary5_plus30,60,35
fresh_h50_open_loop,2,4,False,36,5,continuation,pose3_boundary5_plus30,,35
fresh_h50_open_loop,2,4,False,37,5,continuation,pose3_boundary5_plus30,,35
fresh_h50_open_loop,2,4,False,38,5,continuation,pose3_boundary5_plus30,,35
fresh_h50_open_loop,2,4,False,39,5,continuation,pose3_boundary5_plus30,,35
fresh_h50_open_loop,2,4,False,40,5,continuation,pose3_boundary5_plus30,,35
fresh_h50_open_loop,2,4,False,41,5,continuation,pose3_boundary5_plus30,,35
fresh_h50_open_loop,2,4,False,42,5,continuation,pose3_boundary5_plus30,,35
fresh_h50_open_loop,2,4,False,43,5,continuation,pose3_boundary5_plus30,,35
fresh_h50_open_loop,2,4,False,44,5,continuation,pose3_boundary5_plus30,,35
fresh_h50_open_loop,2,4,False,45,5,continuation,pose3_boundary5_plus30,,35
fresh_h50_open_loop,2,4,False,46,5,continuation,pose3_boundary5_plus30,,35
fresh_h50_open_loop,2,4,False,47,5,continuation,pose3_boundary5_plus30,,35
fresh_h50_open_loop,2,4,False,48,5,continuation,pose3_boundary5_plus30,,35
fresh_h50_open_loop,2,4,False,49,5,continuation,pose3_boundary5_plus30,,35
fresh_h50_open_loop,2,4,False,50,5,continuation,pose3_boundary5_plus30,,35
fresh_h50_open_loop,2,4,False,51,5,continuation,pose3_boundary5_plus30,,35
fresh_h50_open_loop,2,4,False,52,5,continuation,pose3_boundary5_plus30,,35
fresh_h50_open_loop,2,4,False,53,5,continuation,pose3_boundary5_plus30,,35
fresh_h50_open_loop,2,4,False,54,5,continuation,pose3_boundary5_plus30,,35
fresh_h50_open_loop,2,4,False,55,5,continuation,pose3_boundary5_plus30,,35
fresh_h50_open_loop,2,4,False,56,5,continuation,pose3_boundary5_plus30,,35
fresh_h50_open_loop,2,4,False,57,5,continuation,pose3_boundary5_plus30,,35
fresh_h50_open_loop,2,4,False,58,5,continuation,pose3_boundary5_plus30,,35
fresh_h50_open_loop,2,4,False,59,5,continuation,pose3_boundary5_plus30,,35
fresh_h50_open_loop,2,4,False,60,5,continuation,pose3_boundary5_plus30,,35
fresh_h50_open_loop,2,4,False,61,5,continuation,pose3_boundary5_plus30,,35
fresh_h50_open_loop,2,4,False,62,5,continuation,pose3_boundary5_plus30,,35
fresh_h50_open_loop,2,4,False,63,5,continuation,pose3_boundary5_plus30,,35
fresh_h50_open_loop,2,4,False,64,5,continuation,pose3_boundary5_plus30,,35
fresh_h50_open_loop,2,4,False,65,5,continuation,pose3_boundary5_plus30,,35
fresh_h50_open_loop,2,4,False,66,5,continuation,pose3_boundary5_plus30,,35
fresh_h50_open_loop,2,4,False,67,5,continuation,pose3_boundary5_plus30,,35
fresh_h50_open_loop,2,4,False,68,5,continuation,pose3_boundary5_plus30,,35
fresh_h50_open_loop,2,4,False,69,5,continuation,pose3_boundary5_plus30,,35
fresh_h50_open_loop,2,4,False,70,5,continuation,pose3_boundary5_plus30,,35
fresh_h50_open_loop,2,4,False,71,5,continuation,pose3_boundary5_plus30,,35
fresh_h50_open_loop,2,4,False,72,5,continuation,pose3_boundary5_plus30,,35
fresh_h50_open_loop,2,4,False,73,5,continuation,pose3_boundary5_plus30,,35
fresh_h50_open_loop,2,4,False,74,5,continuation,pose3_boundary5_plus30,,35
fresh_h50_open_loop,2,4,False,75,5,continuation,pose3_boundary5_plus30,,35
fresh_h50_open_loop,2,4,False,76,5,continuation,pose3_boundary5_plus30,,35
fresh_h50_open_loop,2,4,False,77,5,continuation,pose3_boundary5_plus30,,35
fresh_h50_open_loop,2,4,False,78,5,continuation,pose3_boundary5_plus30,,35
fresh_h50_open_loop,2,4,False,79,5,continuation,pose3_boundary5_plus30,,35
fresh_h50_open_loop,2,4,False,80,5,continuation,pose3_boundary5_plus30,,35
fresh_h50_open_loop,2,4,False,81,5,continuation,pose3_boundary5_plus30,,35
fresh_h50_open_loop,2,4,False,82,5,continuation,pose3_boundary5_plus30,,35
fresh_h50_open_loop,2,4,False,83,5,continuation,pose3_boundary5_plus30,,35
fresh_h50_open_loop,2,4,False,84,5,continuation,pose3_boundary5_plus30,,35
fresh_h50_open_loop,2,4,False,85,5,continuation,pose3_boundary5_plus30,,35
fresh_h50_open_loop,2,4,False,,5,terminal_settle,pose3_boundary5_plus30,1,35
fresh_h50_open_loop,2,4,False,,5,terminal_settle,pose3_boundary5_plus30,2,35
fresh_h50_open_loop,2,4,False,,5,terminal_settle,pose3_boundary5_plus30,3,35
fresh_h50_open_loop,2,4,False,,5,terminal_settle,pose3_boundary5_plus30,4,35
fresh_h50_open_loop,2,4,False,,5,terminal_settle,pose3_boundary5_plus30,5,35
fresh_h50_open_loop,2,4,False,,5,terminal_settle,pose3_boundary5_plus30,6,35
fresh_h50_open_loop,2,4,False,,5,terminal_settle,pose3_boundary5_plus30,7,35
fresh_h50_open_loop,2,4,False,,5,terminal_settle,pose3_boundary5_plus30,8,35
fresh_h50_open_loop,2,4,False,,5,terminal_settle,pose3_boundary5_plus30,9,35
fresh_h50_open_loop,2,4,False,,5,terminal_settle,pose3_boundary5_plus30,10,35
fresh_h50_open_loop,2,4,False,,5,terminal_settle,pose3_boundary5_plus30,11,35
fresh_h50_open_loop,2,4,False,,5,terminal_settle,pose3_boundary5_plus30,12,35
fresh_h50_open_loop,2,4,False,,5,terminal_settle,pose3_boundary5_plus30,13,35
fresh_h50_open_loop,2,4,False,,5,terminal_settle,pose3_boundary5_plus30,14,35
fresh_h50_open_loop,2,4,False,,5,terminal_settle,pose3_boundary5_plus30,15,35
fresh_h50_open_loop,2,4,False,,5,terminal_settle,pose3_boundary5_plus30,16,35
fresh_h50_open_loop,2,4,False,,5,terminal_settle,pose3_boundary5_plus30,17,35
fresh_h50_open_loop,2,4,False,,5,terminal_settle,pose3_boundary5_plus30,18,35
fresh_h50_open_loop,2,4,False,,5,terminal_settle,pose3_boundary5_plus30,19,35
fresh_h50_open_loop,2,4,False,,5,terminal_settle,pose3_boundary5_plus30,20,35
fresh_h50_open_loop,2,4,False,,5,terminal_settle,pose3_boundary5_plus30,21,35
fresh_h50_open_loop,2,4,False,,5,terminal_settle,pose3_boundary5_plus30,22,35
fresh_h50_open_loop,2,4,False,,5,terminal_settle,pose3_boundary5_plus30,23,35
fresh_h50_open_loop,2,4,False,,5,terminal_settle,pose3_boundary5_plus30,24,35
fresh_h50_open_loop,2,4,False,,5,terminal_settle,pose3_boundary5_plus30,25,35
fresh_h50_open_loop,2,4,False,,5,terminal_settle,pose3_boundary5_plus30,26,35
fresh_h50_open_loop,2,4,False,,5,terminal_settle,pose3_boundary5_plus30,27,35
fresh_h50_open_loop,2,4,False,,5,terminal_settle,pose3_boundary5_plus30,28,35
fresh_h50_open_loop,2,4,False,,5,terminal_settle,pose3_boundary5_plus30,29,35
fresh_h50_open_loop,2,4,False,,5,terminal_settle,pose3_boundary5_plus30,30,35
fresh_h50_open_loop,2,4,False,,5,terminal_settle,pose3_boundary5_plus30,31,35
fresh_h50_open_loop,2,4,False,,5,terminal_settle,pose3_boundary5_plus30,32,35
fresh_h50_open_loop,2,4,False,,5,terminal_settle,pose3_boundary5_plus30,33,35
fresh_h50_open_loop,2,4,False,,5,terminal_settle,pose3_boundary5_plus30,34,35
fresh_h50_open_loop,2,4,False,,5,terminal_settle,pose3_boundary5_plus30,35,35
fresh_h50_open_loop,2,4,False,,5,terminal_settle,pose3_boundary5_plus30,36,35
fresh_h50_open_loop,2,4,False,,5,terminal_settle,pose3_boundary5_plus30,37,35
fresh_h50_open_loop,2,4,False,,5,terminal_settle,pose3_boundary5_plus30,38,35
fresh_h50_open_loop,2,4,False,,5,terminal_settle,pose3_boundary5_plus30,39,35
fresh_h50_open_loop,2,4,False,,5,terminal_settle,pose3_boundary5_plus30,40,35
fresh_h50_open_loop,2,4,False,,5,terminal_settle,pose3_boundary5_plus30,41,35
fresh_h50_open_loop,2,4,False,,5,terminal_settle,pose3_boundary5_plus30,42,35
fresh_h50_open_loop,2,4,False,,5,terminal_settle,pose3_boundary5_plus30,43,35
fresh_h50_open_loop,2,4,False,,5,terminal_settle,pose3_boundary5_plus30,44,35
fresh_h50_open_loop,2,4,False,,5,terminal_settle,pose3_boundary5_plus30,45,35
fresh_h50_open_loop,2,4,False,,5,terminal_settle,pose3_boundary5_plus30,46,35
fresh_h50_open_loop,2,4,False,,5,terminal_settle,pose3_boundary5_plus30,47,35
fresh_h50_open_loop,2,4,False,,5,terminal_settle,pose3_boundary5_plus30,48,35
fresh_h50_open_loop,2,4,False,,5,terminal_settle,pose3_boundary5_plus30,49,35
fresh_h50_open_loop,2,4,False,,5,terminal_settle,pose3_boundary5_plus30,50,35
fresh_h50_open_loop,2,4,False,,5,terminal_settle,pose3_boundary5_plus30,51,35
fresh_h50_open_loop,2,4,False,,5,terminal_settle,pose3_boundary5_plus30,52,35
fresh_h50_open_loop,2,4,False,,5,terminal_settle,pose3_boundary5_plus30,53,35
fresh_h50_open_loop,2,4,False,,5,terminal_settle,pose3_boundary5_plus30,54,35
fresh_h50_open_loop,2,4,False,,5,terminal_settle,pose3_boundary5_plus30,55,35
fresh_h50_open_loop,2,4,False,,5,terminal_settle,pose3_boundary5_plus30,56,35
fresh_h50_open_loop,2,4,False,,5,terminal_settle,pose3_boundary5_plus30,57,35
fresh_h50_open_loop,2,4,False,,5,terminal_settle,pose3_boundary5_plus30,58,35
fresh_h50_open_loop,2,4,False,,5,terminal_settle,pose3_boundary5_plus30,59,35
fresh_h50_open_loop,2,4,False,,5,terminal_settle,pose3_boundary5_plus30,60,35
normal_h10,2,4,False,21,10,continuation,pose3_boundary10_plus10,,20
normal_h10,2,4,False,22,10,continuation,pose3_boundary10_plus10,,20
normal_h10,2,4,False,23,10,continuation,pose3_boundary10_plus10,,20
normal_h10,2,4,False,24,10,continuation,pose3_boundary10_plus10,,20
normal_h10,2,4,False,25,10,continuation,pose3_boundary10_plus10,,20
normal_h10,2,4,False,26,10,continuation,pose3_boundary10_plus10,,20
normal_h10,2,4,False,27,10,continuation,pose3_boundary10_plus10,,20
normal_h10,2,4,False,28,10,continuation,pose3_boundary10_plus10,,20
normal_h10,2,4,False,29,10,continuation,pose3_boundary10_plus10,,20
normal_h10,2,4,False,30,10,continuation,pose3_boundary10_plus10,,20
normal_h10,2,4,False,31,10,continuation,pose3_boundary10_plus10,,20
normal_h10,2,4,False,32,10,continuation,pose3_boundary10_plus10,,20
normal_h10,2,4,False,33,10,continuation,pose3_boundary10_plus10,,20
normal_h10,2,4,False,34,10,continuation,pose3_boundary10_plus10,,20
normal_h10,2,4,False,35,10,continuation,pose3_boundary10_plus10,,20
normal_h10,2,4,False,36,10,continuation,pose3_boundary10_plus10,,20
normal_h10,2,4,False,37,10,continuation,pose3_boundary10_plus10,,20
normal_h10,2,4,False,38,10,continuation,pose3_boundary10_plus10,,20
normal_h10,2,4,False,39,10,continuation,pose3_boundary10_plus10,,20
normal_h10,2,4,False,40,10,continuation,pose3_boundary10_plus10,,20
normal_h10,2,4,False,41,10,continuation,pose3_boundary10_plus10,,20
normal_h10,2,4,False,42,10,continuation,pose3_boundary10_plus10,,20
normal_h10,2,4,False,43,10,continuation,pose3_boundary10_plus10,,20
normal_h10,2,4,False,44,10,continuation,pose3_boundary10_plus10,,20
normal_h10,2,4,False,45,10,continuation,pose3_boundary10_plus10,,20
normal_h10,2,4,False,46,10,continuation,pose3_boundary10_plus10,,20
normal_h10,2,4,False,47,10,continuation,pose3_boundary10_plus10,,20
normal_h10,2,4,False,48,10,continuation,pose3_boundary10_plus10,,20
normal_h10,2,4,False,49,10,continuation,pose3_boundary10_plus10,,20
normal_h10,2,4,False,50,10,continuation,pose3_boundary10_plus10,,20
normal_h10,2,4,False,51,10,continuation,pose3_boundary10_plus10,,20
normal_h10,2,4,False,52,10,continuation,pose3_boundary10_plus10,,20
normal_h10,2,4,False,53,10,continuation,pose3_boundary10_plus10,,20
normal_h10,2,4,False,54,10,continuation,pose3_boundary10_plus10,,20
normal_h10,2,4,False,55,10,continuation,pose3_boundary10_plus10,,20
normal_h10,2,4,False,56,10,continuation,pose3_boundary10_plus10,,20
normal_h10,2,4,False,57,10,continuation,pose3_boundary10_plus10,,20
normal_h10,2,4,False,58,10,continuation,pose3_boundary10_plus10,,20
normal_h10,2,4,False,59,10,continuation,pose3_boundary10_plus10,,20
normal_h10,2,4,False,60,10,continuation,pose3_boundary10_plus10,,20
normal_h10,2,4,False,61,10,continuation,pose3_boundary10_plus10,,20
normal_h10,2,4,False,62,10,continuation,pose3_boundary10_plus10,,20
normal_h10,2,4,False,63,10,continuation,pose3_boundary10_plus10,,20
normal_h10,2,4,False,64,10,continuation,pose3_boundary10_plus10,,20
normal_h10,2,4,False,65,10,continuation,pose3_boundary10_plus10,,20
normal_h10,2,4,False,66,10,continuation,pose3_boundary10_plus10,,20
normal_h10,2,4,False,67,10,continuation,pose3_boundary10_plus10,,20
normal_h10,2,4,False,68,10,continuation,pose3_boundary10_plus10,,20
normal_h10,2,4,False,69,10,continuation,pose3_boundary10_plus10,,20
normal_h10,2,4,False,70,10,continuation,pose3_boundary10_plus10,,20
normal_h10,2,4,False,,10,terminal_settle,pose3_boundary10_plus10,1,20
normal_h10,2,4,False,,10,terminal_settle,pose3_boundary10_plus10,2,20
normal_h10,2,4,False,,10,terminal_settle,pose3_boundary10_plus10,3,20
normal_h10,2,4,False,,10,terminal_settle,pose3_boundary10_plus10,4,20
normal_h10,2,4,False,,10,terminal_settle,pose3_boundary10_plus10,5,20
normal_h10,2,4,False,,10,terminal_settle,pose3_boundary10_plus10,6,20
normal_h10,2,4,False,,10,terminal_settle,pose3_boundary10_plus10,7,20
normal_h10,2,4,False,,10,terminal_settle,pose3_boundary10_plus10,8,20
normal_h10,2,4,False,,10,terminal_settle,pose3_boundary10_plus10,9,20
normal_h10,2,4,False,,10,terminal_settle,pose3_boundary10_plus10,10,20
normal_h10,2,4,False,,10,terminal_settle,pose3_boundary10_plus10,11,20
normal_h10,2,4,False,,10,terminal_settle,pose3_boundary10_plus10,12,20
normal_h10,2,4,False,,10,terminal_settle,pose3_boundary10_plus10,13,20
normal_h10,2,4,False,,10,terminal_settle,pose3_boundary10_plus10,14,20
normal_h10,2,4,False,,10,terminal_settle,pose3_boundary10_plus10,15,20
normal_h10,2,4,False,,10,terminal_settle,pose3_boundary10_plus10,16,20
normal_h10,2,4,False,,10,terminal_settle,pose3_boundary10_plus10,17,20
normal_h10,2,4,False,,10,terminal_settle,pose3_boundary10_plus10,18,20
normal_h10,2,4,False,,10,terminal_settle,pose3_boundary10_plus10,19,20
normal_h10,2,4,False,,10,terminal_settle,pose3_boundary10_plus10,20,20
normal_h10,2,4,False,,10,terminal_settle,pose3_boundary10_plus10,21,20
normal_h10,2,4,False,,10,terminal_settle,pose3_boundary10_plus10,22,20
normal_h10,2,4,False,,10,terminal_settle,pose3_boundary10_plus10,23,20
normal_h10,2,4,False,,10,terminal_settle,pose3_boundary10_plus10,24,20
normal_h10,2,4,False,,10,terminal_settle,pose3_boundary10_plus10,25,20
normal_h10,2,4,False,,10,terminal_settle,pose3_boundary10_plus10,26,20
normal_h10,2,4,False,,10,terminal_settle,pose3_boundary10_plus10,27,20
normal_h10,2,4,False,,10,terminal_settle,pose3_boundary10_plus10,28,20
normal_h10,2,4,False,,10,terminal_settle,pose3_boundary10_plus10,29,20
normal_h10,2,4,False,,10,terminal_settle,pose3_boundary10_plus10,30,20
normal_h10,2,4,False,,10,terminal_settle,pose3_boundary10_plus10,31,20
normal_h10,2,4,False,,10,terminal_settle,pose3_boundary10_plus10,32,20
normal_h10,2,4,False,,10,terminal_settle,pose3_boundary10_plus10,33,20
normal_h10,2,4,False,,10,terminal_settle,pose3_boundary10_plus10,34,20
normal_h10,2,4,False,,10,terminal_settle,pose3_boundary10_plus10,35,20
normal_h10,2,4,False,,10,terminal_settle,pose3_boundary10_plus10,36,20
normal_h10,2,4,False,,10,terminal_settle,pose3_boundary10_plus10,37,20
normal_h10,2,4,False,,10,terminal_settle,pose3_boundary10_plus10,38,20
normal_h10,2,4,False,,10,terminal_settle,pose3_boundary10_plus10,39,20
normal_h10,2,4,False,,10,terminal_settle,pose3_boundary10_plus10,40,20
normal_h10,2,4,False,,10,terminal_settle,pose3_boundary10_plus10,41,20
normal_h10,2,4,False,,10,terminal_settle,pose3_boundary10_plus10,42,20
normal_h10,2,4,False,,10,terminal_settle,pose3_boundary10_plus10,43,20
normal_h10,2,4,False,,10,terminal_settle,pose3_boundary10_plus10,44,20
normal_h10,2,4,False,,10,terminal_settle,pose3_boundary10_plus10,45,20
normal_h10,2,4,False,,10,terminal_settle,pose3_boundary10_plus10,46,20
normal_h10,2,4,False,,10,terminal_settle,pose3_boundary10_plus10,47,20
normal_h10,2,4,False,,10,terminal_settle,pose3_boundary10_plus10,48,20
normal_h10,2,4,False,,10,terminal_settle,pose3_boundary10_plus10,49,20
normal_h10,2,4,False,,10,terminal_settle,pose3_boundary10_plus10,50,20
normal_h10,2,4,False,,10,terminal_settle,pose3_boundary10_plus10,51,20
normal_h10,2,4,False,,10,terminal_settle,pose3_boundary10_plus10,52,20
normal_h10,2,4,False,,10,terminal_settle,pose3_boundary10_plus10,53,20
normal_h10,2,4,False,,10,terminal_settle,pose3_boundary10_plus10,54,20
normal_h10,2,4,False,,10,terminal_settle,pose3_boundary10_plus10,55,20
normal_h10,2,4,False,,10,terminal_settle,pose3_boundary10_plus10,56,20
normal_h10,2,4,False,,10,terminal_settle,pose3_boundary10_plus10,57,20
normal_h10,2,4,False,,10,terminal_settle,pose3_boundary10_plus10,58,20
normal_h10,2,4,False,,10,terminal_settle,pose3_boundary10_plus10,59,20
normal_h10,2,4,False,,10,terminal_settle,pose3_boundary10_plus10,60,20
fresh_h50_open_loop,2,4,False,21,10,continuation,pose3_boundary10_plus10,,20
fresh_h50_open_loop,2,4,False,22,10,continuation,pose3_boundary10_plus10,,20
fresh_h50_open_loop,2,4,False,23,10,continuation,pose3_boundary10_plus10,,20
fresh_h50_open_loop,2,4,False,24,10,continuation,pose3_boundary10_plus10,,20
fresh_h50_open_loop,2,4,False,25,10,continuation,pose3_boundary10_plus10,,20
fresh_h50_open_loop,2,4,False,26,10,continuation,pose3_boundary10_plus10,,20
fresh_h50_open_loop,2,4,False,27,10,continuation,pose3_boundary10_plus10,,20
fresh_h50_open_loop,2,4,False,28,10,continuation,pose3_boundary10_plus10,,20
fresh_h50_open_loop,2,4,False,29,10,continuation,pose3_boundary10_plus10,,20
fresh_h50_open_loop,2,4,False,30,10,continuation,pose3_boundary10_plus10,,20
fresh_h50_open_loop,2,4,False,31,10,continuation,pose3_boundary10_plus10,,20
fresh_h50_open_loop,2,4,False,32,10,continuation,pose3_boundary10_plus10,,20
fresh_h50_open_loop,2,4,False,33,10,continuation,pose3_boundary10_plus10,,20
fresh_h50_open_loop,2,4,False,34,10,continuation,pose3_boundary10_plus10,,20
fresh_h50_open_loop,2,4,False,35,10,continuation,pose3_boundary10_plus10,,20
fresh_h50_open_loop,2,4,False,36,10,continuation,pose3_boundary10_plus10,,20
fresh_h50_open_loop,2,4,False,37,10,continuation,pose3_boundary10_plus10,,20
fresh_h50_open_loop,2,4,False,38,10,continuation,pose3_boundary10_plus10,,20
fresh_h50_open_loop,2,4,False,39,10,continuation,pose3_boundary10_plus10,,20
fresh_h50_open_loop,2,4,False,40,10,continuation,pose3_boundary10_plus10,,20
fresh_h50_open_loop,2,4,False,41,10,continuation,pose3_boundary10_plus10,,20
fresh_h50_open_loop,2,4,False,42,10,continuation,pose3_boundary10_plus10,,20
fresh_h50_open_loop,2,4,False,43,10,continuation,pose3_boundary10_plus10,,20
fresh_h50_open_loop,2,4,False,44,10,continuation,pose3_boundary10_plus10,,20
fresh_h50_open_loop,2,4,False,45,10,continuation,pose3_boundary10_plus10,,20
fresh_h50_open_loop,2,4,False,46,10,continuation,pose3_boundary10_plus10,,20
fresh_h50_open_loop,2,4,False,47,10,continuation,pose3_boundary10_plus10,,20
fresh_h50_open_loop,2,4,False,48,10,continuation,pose3_boundary10_plus10,,20
fresh_h50_open_loop,2,4,False,49,10,continuation,pose3_boundary10_plus10,,20
fresh_h50_open_loop,2,4,False,50,10,continuation,pose3_boundary10_plus10,,20
fresh_h50_open_loop,2,4,False,51,10,continuation,pose3_boundary10_plus10,,20
fresh_h50_open_loop,2,4,False,52,10,continuation,pose3_boundary10_plus10,,20
fresh_h50_open_loop,2,4,False,53,10,continuation,pose3_boundary10_plus10,,20
fresh_h50_open_loop,2,4,False,54,10,continuation,pose3_boundary10_plus10,,20
fresh_h50_open_loop,2,4,False,55,10,continuation,pose3_boundary10_plus10,,20
fresh_h50_open_loop,2,4,False,56,10,continuation,pose3_boundary10_plus10,,20
fresh_h50_open_loop,2,4,False,57,10,continuation,pose3_boundary10_plus10,,20
fresh_h50_open_loop,2,4,False,58,10,continuation,pose3_boundary10_plus10,,20
fresh_h50_open_loop,2,4,False,59,10,continuation,pose3_boundary10_plus10,,20
fresh_h50_open_loop,2,4,False,60,10,continuation,pose3_boundary10_plus10,,20
fresh_h50_open_loop,2,4,False,61,10,continuation,pose3_boundary10_plus10,,20
fresh_h50_open_loop,2,4,False,62,10,continuation,pose3_boundary10_plus10,,20
fresh_h50_open_loop,2,4,False,63,10,continuation,pose3_boundary10_plus10,,20
fresh_h50_open_loop,2,4,False,64,10,continuation,pose3_boundary10_plus10,,20
fresh_h50_open_loop,2,4,False,65,10,continuation,pose3_boundary10_plus10,,20
fresh_h50_open_loop,2,4,False,66,10,continuation,pose3_boundary10_plus10,,20
fresh_h50_open_loop,2,4,False,67,10,continuation,pose3_boundary10_plus10,,20
fresh_h50_open_loop,2,4,False,68,10,continuation,pose3_boundary10_plus10,,20
fresh_h50_open_loop,2,4,False,69,10,continuation,pose3_boundary10_plus10,,20
fresh_h50_open_loop,2,4,False,70,10,continuation,pose3_boundary10_plus10,,20
fresh_h50_open_loop,2,4,False,,10,terminal_settle,pose3_boundary10_plus10,1,20
fresh_h50_open_loop,2,4,False,,10,terminal_settle,pose3_boundary10_plus10,2,20
fresh_h50_open_loop,2,4,False,,10,terminal_settle,pose3_boundary10_plus10,3,20
fresh_h50_open_loop,2,4,False,,10,terminal_settle,pose3_boundary10_plus10,4,20
fresh_h50_open_loop,2,4,False,,10,terminal_settle,pose3_boundary10_plus10,5,20
fresh_h50_open_loop,2,4,False,,10,terminal_settle,pose3_boundary10_plus10,6,20
fresh_h50_open_loop,2,4,False,,10,terminal_settle,pose3_boundary10_plus10,7,20
fresh_h50_open_loop,2,4,False,,10,terminal_settle,pose3_boundary10_plus10,8,20
fresh_h50_open_loop,2,4,False,,10,terminal_settle,pose3_boundary10_plus10,9,20
fresh_h50_open_loop,2,4,False,,10,terminal_settle,pose3_boundary10_plus10,10,20
fresh_h50_open_loop,2,4,False,,10,terminal_settle,pose3_boundary10_plus10,11,20
fresh_h50_open_loop,2,4,False,,10,terminal_settle,pose3_boundary10_plus10,12,20
fresh_h50_open_loop,2,4,False,,10,terminal_settle,pose3_boundary10_plus10,13,20
fresh_h50_open_loop,2,4,False,,10,terminal_settle,pose3_boundary10_plus10,14,20
fresh_h50_open_loop,2,4,False,,10,terminal_settle,pose3_boundary10_plus10,15,20
fresh_h50_open_loop,2,4,False,,10,terminal_settle,pose3_boundary10_plus10,16,20
fresh_h50_open_loop,2,4,False,,10,terminal_settle,pose3_boundary10_plus10,17,20
fresh_h50_open_loop,2,4,False,,10,terminal_settle,pose3_boundary10_plus10,18,20
fresh_h50_open_loop,2,4,False,,10,terminal_settle,pose3_boundary10_plus10,19,20
fresh_h50_open_loop,2,4,False,,10,terminal_settle,pose3_boundary10_plus10,20,20
fresh_h50_open_loop,2,4,False,,10,terminal_settle,pose3_boundary10_plus10,21,20
fresh_h50_open_loop,2,4,False,,10,terminal_settle,pose3_boundary10_plus10,22,20
fresh_h50_open_loop,2,4,False,,10,terminal_settle,pose3_boundary10_plus10,23,20
fresh_h50_open_loop,2,4,False,,10,terminal_settle,pose3_boundary10_plus10,24,20
fresh_h50_open_loop,2,4,False,,10,terminal_settle,pose3_boundary10_plus10,25,20
fresh_h50_open_loop,2,4,False,,10,terminal_settle,pose3_boundary10_plus10,26,20
fresh_h50_open_loop,2,4,False,,10,terminal_settle,pose3_boundary10_plus10,27,20
fresh_h50_open_loop,2,4,False,,10,terminal_settle,pose3_boundary10_plus10,28,20
fresh_h50_open_loop,2,4,False,,10,terminal_settle,pose3_boundary10_plus10,29,20
fresh_h50_open_loop,2,4,False,,10,terminal_settle,pose3_boundary10_plus10,30,20
fresh_h50_open_loop,2,4,False,,10,terminal_settle,pose3_boundary10_plus10,31,20
fresh_h50_open_loop,2,4,False,,10,terminal_settle,pose3_boundary10_plus10,32,20
fresh_h50_open_loop,2,4,False,,10,terminal_settle,pose3_boundary10_plus10,33,20
fresh_h50_open_loop,2,4,False,,10,terminal_settle,pose3_boundary10_plus10,34,20
fresh_h50_open_loop,2,4,False,,10,terminal_settle,pose3_boundary10_plus10,35,20
fresh_h50_open_loop,2,4,False,,10,terminal_settle,pose3_boundary10_plus10,36,20
fresh_h50_open_loop,2,4,False,,10,terminal_settle,pose3_boundary10_plus10,37,20
fresh_h50_open_loop,2,4,False,,10,terminal_settle,pose3_boundary10_plus10,38,20
fresh_h50_open_loop,2,4,False,,10,terminal_settle,pose3_boundary10_plus10,39,20
fresh_h50_open_loop,2,4,False,,10,terminal_settle,pose3_boundary10_plus10,40,20
fresh_h50_open_loop,2,4,False,,10,terminal_settle,pose3_boundary10_plus10,41,20
fresh_h50_open_loop,2,4,False,,10,terminal_settle,pose3_boundary10_plus10,42,20
fresh_h50_open_loop,2,4,False,,10,terminal_settle,pose3_boundary10_plus10,43,20
fresh_h50_open_loop,2,4,False,,10,terminal_settle,pose3_boundary10_plus10,44,20
fresh_h50_open_loop,2,4,False,,10,terminal_settle,pose3_boundary10_plus10,45,20
fresh_h50_open_loop,2,4,False,,10,terminal_settle,pose3_boundary10_plus10,46,20
fresh_h50_open_loop,2,4,False,,10,terminal_settle,pose3_boundary10_plus10,47,20
fresh_h50_open_loop,2,4,False,,10,terminal_settle,pose3_boundary10_plus10,48,20
fresh_h50_open_loop,2,4,False,,10,terminal_settle,pose3_boundary10_plus10,49,20
fresh_h50_open_loop,2,4,False,,10,terminal_settle,pose3_boundary10_plus10,50,20
fresh_h50_open_loop,2,4,False,,10,terminal_settle,pose3_boundary10_plus10,51,20
fresh_h50_open_loop,2,4,False,,10,terminal_settle,pose3_boundary10_plus10,52,20
fresh_h50_open_loop,2,4,False,,10,terminal_settle,pose3_boundary10_plus10,53,20
fresh_h50_open_loop,2,4,False,,10,terminal_settle,pose3_boundary10_plus10,54,20
fresh_h50_open_loop,2,4,False,,10,terminal_settle,pose3_boundary10_plus10,55,20
fresh_h50_open_loop,2,4,False,,10,terminal_settle,pose3_boundary10_plus10,56,20
fresh_h50_open_loop,2,4,False,,10,terminal_settle,pose3_boundary10_plus10,57,20
fresh_h50_open_loop,2,4,False,,10,terminal_settle,pose3_boundary10_plus10,58,20
fresh_h50_open_loop,2,4,False,,10,terminal_settle,pose3_boundary10_plus10,59,20
fresh_h50_open_loop,2,4,False,,10,terminal_settle,pose3_boundary10_plus10,60,20
normal_h10,2,4,False,31,10,continuation,pose3_boundary10_plus20,,30
normal_h10,2,4,False,32,10,continuation,pose3_boundary10_plus20,,30
normal_h10,2,4,False,33,10,continuation,pose3_boundary10_plus20,,30
normal_h10,2,4,False,34,10,continuation,pose3_boundary10_plus20,,30
normal_h10,2,4,False,35,10,continuation,pose3_boundary10_plus20,,30
normal_h10,2,4,False,36,10,continuation,pose3_boundary10_plus20,,30
normal_h10,2,4,False,37,10,continuation,pose3_boundary10_plus20,,30
normal_h10,2,4,False,38,10,continuation,pose3_boundary10_plus20,,30
normal_h10,2,4,False,39,10,continuation,pose3_boundary10_plus20,,30
normal_h10,2,4,False,40,10,continuation,pose3_boundary10_plus20,,30
normal_h10,2,4,False,41,10,continuation,pose3_boundary10_plus20,,30
normal_h10,2,4,False,42,10,continuation,pose3_boundary10_plus20,,30
normal_h10,2,4,False,43,10,continuation,pose3_boundary10_plus20,,30
normal_h10,2,4,False,44,10,continuation,pose3_boundary10_plus20,,30
normal_h10,2,4,False,45,10,continuation,pose3_boundary10_plus20,,30
normal_h10,2,4,False,46,10,continuation,pose3_boundary10_plus20,,30
normal_h10,2,4,False,47,10,continuation,pose3_boundary10_plus20,,30
normal_h10,2,4,False,48,10,continuation,pose3_boundary10_plus20,,30
normal_h10,2,4,False,49,10,continuation,pose3_boundary10_plus20,,30
normal_h10,2,4,False,50,10,continuation,pose3_boundary10_plus20,,30
normal_h10,2,4,False,51,10,continuation,pose3_boundary10_plus20,,30
normal_h10,2,4,False,52,10,continuation,pose3_boundary10_plus20,,30
normal_h10,2,4,False,53,10,continuation,pose3_boundary10_plus20,,30
normal_h10,2,4,False,54,10,continuation,pose3_boundary10_plus20,,30
normal_h10,2,4,False,55,10,continuation,pose3_boundary10_plus20,,30
normal_h10,2,4,False,56,10,continuation,pose3_boundary10_plus20,,30
normal_h10,2,4,False,57,10,continuation,pose3_boundary10_plus20,,30
normal_h10,2,4,False,58,10,continuation,pose3_boundary10_plus20,,30
normal_h10,2,4,False,59,10,continuation,pose3_boundary10_plus20,,30
normal_h10,2,4,False,60,10,continuation,pose3_boundary10_plus20,,30
normal_h10,2,4,False,61,10,continuation,pose3_boundary10_plus20,,30
normal_h10,2,4,False,62,10,continuation,pose3_boundary10_plus20,,30
normal_h10,2,4,False,63,10,continuation,pose3_boundary10_plus20,,30
normal_h10,2,4,False,64,10,continuation,pose3_boundary10_plus20,,30
normal_h10,2,4,False,65,10,continuation,pose3_boundary10_plus20,,30
normal_h10,2,4,False,66,10,continuation,pose3_boundary10_plus20,,30
normal_h10,2,4,False,67,10,continuation,pose3_boundary10_plus20,,30
normal_h10,2,4,False,68,10,continuation,pose3_boundary10_plus20,,30
normal_h10,2,4,False,69,10,continuation,pose3_boundary10_plus20,,30
normal_h10,2,4,False,70,10,continuation,pose3_boundary10_plus20,,30
normal_h10,2,4,False,71,10,continuation,pose3_boundary10_plus20,,30
normal_h10,2,4,False,72,10,continuation,pose3_boundary10_plus20,,30
normal_h10,2,4,False,73,10,continuation,pose3_boundary10_plus20,,30
normal_h10,2,4,False,74,10,continuation,pose3_boundary10_plus20,,30
normal_h10,2,4,False,75,10,continuation,pose3_boundary10_plus20,,30
normal_h10,2,4,False,76,10,continuation,pose3_boundary10_plus20,,30
normal_h10,2,4,False,77,10,continuation,pose3_boundary10_plus20,,30
normal_h10,2,4,False,78,10,continuation,pose3_boundary10_plus20,,30
normal_h10,2,4,False,79,10,continuation,pose3_boundary10_plus20,,30
normal_h10,2,4,False,80,10,continuation,pose3_boundary10_plus20,,30
normal_h10,2,4,False,,10,terminal_settle,pose3_boundary10_plus20,1,30
normal_h10,2,4,False,,10,terminal_settle,pose3_boundary10_plus20,2,30
normal_h10,2,4,False,,10,terminal_settle,pose3_boundary10_plus20,3,30
normal_h10,2,4,False,,10,terminal_settle,pose3_boundary10_plus20,4,30
normal_h10,2,4,False,,10,terminal_settle,pose3_boundary10_plus20,5,30
normal_h10,2,4,False,,10,terminal_settle,pose3_boundary10_plus20,6,30
normal_h10,2,4,False,,10,terminal_settle,pose3_boundary10_plus20,7,30
normal_h10,2,4,False,,10,terminal_settle,pose3_boundary10_plus20,8,30
normal_h10,2,4,False,,10,terminal_settle,pose3_boundary10_plus20,9,30
normal_h10,2,4,False,,10,terminal_settle,pose3_boundary10_plus20,10,30
normal_h10,2,4,False,,10,terminal_settle,pose3_boundary10_plus20,11,30
normal_h10,2,4,False,,10,terminal_settle,pose3_boundary10_plus20,12,30
normal_h10,2,4,False,,10,terminal_settle,pose3_boundary10_plus20,13,30
normal_h10,2,4,False,,10,terminal_settle,pose3_boundary10_plus20,14,30
normal_h10,2,4,False,,10,terminal_settle,pose3_boundary10_plus20,15,30
normal_h10,2,4,False,,10,terminal_settle,pose3_boundary10_plus20,16,30
normal_h10,2,4,False,,10,terminal_settle,pose3_boundary10_plus20,17,30
normal_h10,2,4,False,,10,terminal_settle,pose3_boundary10_plus20,18,30
normal_h10,2,4,False,,10,terminal_settle,pose3_boundary10_plus20,19,30
normal_h10,2,4,False,,10,terminal_settle,pose3_boundary10_plus20,20,30
normal_h10,2,4,False,,10,terminal_settle,pose3_boundary10_plus20,21,30
normal_h10,2,4,False,,10,terminal_settle,pose3_boundary10_plus20,22,30
normal_h10,2,4,False,,10,terminal_settle,pose3_boundary10_plus20,23,30
normal_h10,2,4,False,,10,terminal_settle,pose3_boundary10_plus20,24,30
normal_h10,2,4,False,,10,terminal_settle,pose3_boundary10_plus20,25,30
normal_h10,2,4,False,,10,terminal_settle,pose3_boundary10_plus20,26,30
normal_h10,2,4,False,,10,terminal_settle,pose3_boundary10_plus20,27,30
normal_h10,2,4,False,,10,terminal_settle,pose3_boundary10_plus20,28,30
normal_h10,2,4,False,,10,terminal_settle,pose3_boundary10_plus20,29,30
normal_h10,2,4,False,,10,terminal_settle,pose3_boundary10_plus20,30,30
normal_h10,2,4,False,,10,terminal_settle,pose3_boundary10_plus20,31,30
normal_h10,2,4,False,,10,terminal_settle,pose3_boundary10_plus20,32,30
normal_h10,2,4,False,,10,terminal_settle,pose3_boundary10_plus20,33,30
normal_h10,2,4,False,,10,terminal_settle,pose3_boundary10_plus20,34,30
normal_h10,2,4,False,,10,terminal_settle,pose3_boundary10_plus20,35,30
normal_h10,2,4,False,,10,terminal_settle,pose3_boundary10_plus20,36,30
normal_h10,2,4,False,,10,terminal_settle,pose3_boundary10_plus20,37,30
normal_h10,2,4,False,,10,terminal_settle,pose3_boundary10_plus20,38,30
normal_h10,2,4,False,,10,terminal_settle,pose3_boundary10_plus20,39,30
normal_h10,2,4,False,,10,terminal_settle,pose3_boundary10_plus20,40,30
normal_h10,2,4,False,,10,terminal_settle,pose3_boundary10_plus20,41,30
normal_h10,2,4,False,,10,terminal_settle,pose3_boundary10_plus20,42,30
normal_h10,2,4,False,,10,terminal_settle,pose3_boundary10_plus20,43,30
normal_h10,2,4,False,,10,terminal_settle,pose3_boundary10_plus20,44,30
normal_h10,2,4,False,,10,terminal_settle,pose3_boundary10_plus20,45,30
normal_h10,2,4,False,,10,terminal_settle,pose3_boundary10_plus20,46,30
normal_h10,2,4,False,,10,terminal_settle,pose3_boundary10_plus20,47,30
normal_h10,2,4,False,,10,terminal_settle,pose3_boundary10_plus20,48,30
normal_h10,2,4,False,,10,terminal_settle,pose3_boundary10_plus20,49,30
normal_h10,2,4,False,,10,terminal_settle,pose3_boundary10_plus20,50,30
normal_h10,2,4,False,,10,terminal_settle,pose3_boundary10_plus20,51,30
normal_h10,2,4,False,,10,terminal_settle,pose3_boundary10_plus20,52,30
normal_h10,2,4,False,,10,terminal_settle,pose3_boundary10_plus20,53,30
normal_h10,2,4,False,,10,terminal_settle,pose3_boundary10_plus20,54,30
normal_h10,2,4,False,,10,terminal_settle,pose3_boundary10_plus20,55,30
normal_h10,2,4,False,,10,terminal_settle,pose3_boundary10_plus20,56,30
normal_h10,2,4,False,,10,terminal_settle,pose3_boundary10_plus20,57,30
normal_h10,2,4,False,,10,terminal_settle,pose3_boundary10_plus20,58,30
normal_h10,2,4,False,,10,terminal_settle,pose3_boundary10_plus20,59,30
normal_h10,2,4,False,,10,terminal_settle,pose3_boundary10_plus20,60,30
fresh_h50_open_loop,2,4,False,31,10,continuation,pose3_boundary10_plus20,,30
fresh_h50_open_loop,2,4,False,32,10,continuation,pose3_boundary10_plus20,,30
fresh_h50_open_loop,2,4,False,33,10,continuation,pose3_boundary10_plus20,,30
fresh_h50_open_loop,2,4,False,34,10,continuation,pose3_boundary10_plus20,,30
fresh_h50_open_loop,2,4,False,35,10,continuation,pose3_boundary10_plus20,,30
fresh_h50_open_loop,2,4,False,36,10,continuation,pose3_boundary10_plus20,,30
fresh_h50_open_loop,2,4,False,37,10,continuation,pose3_boundary10_plus20,,30
fresh_h50_open_loop,2,4,False,38,10,continuation,pose3_boundary10_plus20,,30
fresh_h50_open_loop,2,4,False,39,10,continuation,pose3_boundary10_plus20,,30
fresh_h50_open_loop,2,4,False,40,10,continuation,pose3_boundary10_plus20,,30
fresh_h50_open_loop,2,4,False,41,10,continuation,pose3_boundary10_plus20,,30
fresh_h50_open_loop,2,4,False,42,10,continuation,pose3_boundary10_plus20,,30
fresh_h50_open_loop,2,4,False,43,10,continuation,pose3_boundary10_plus20,,30
fresh_h50_open_loop,2,4,False,44,10,continuation,pose3_boundary10_plus20,,30
fresh_h50_open_loop,2,4,False,45,10,continuation,pose3_boundary10_plus20,,30
fresh_h50_open_loop,2,4,False,46,10,continuation,pose3_boundary10_plus20,,30
fresh_h50_open_loop,2,4,False,47,10,continuation,pose3_boundary10_plus20,,30
fresh_h50_open_loop,2,4,False,48,10,continuation,pose3_boundary10_plus20,,30
fresh_h50_open_loop,2,4,False,49,10,continuation,pose3_boundary10_plus20,,30
fresh_h50_open_loop,2,4,False,50,10,continuation,pose3_boundary10_plus20,,30
fresh_h50_open_loop,2,4,False,51,10,continuation,pose3_boundary10_plus20,,30
fresh_h50_open_loop,2,4,False,52,10,continuation,pose3_boundary10_plus20,,30
fresh_h50_open_loop,2,4,False,53,10,continuation,pose3_boundary10_plus20,,30
fresh_h50_open_loop,2,4,False,54,10,continuation,pose3_boundary10_plus20,,30
fresh_h50_open_loop,2,4,False,55,10,continuation,pose3_boundary10_plus20,,30
fresh_h50_open_loop,2,4,False,56,10,continuation,pose3_boundary10_plus20,,30
fresh_h50_open_loop,2,4,False,57,10,continuation,pose3_boundary10_plus20,,30
fresh_h50_open_loop,2,4,False,58,10,continuation,pose3_boundary10_plus20,,30
fresh_h50_open_loop,2,4,False,59,10,continuation,pose3_boundary10_plus20,,30
fresh_h50_open_loop,2,4,False,60,10,continuation,pose3_boundary10_plus20,,30
fresh_h50_open_loop,2,4,False,61,10,continuation,pose3_boundary10_plus20,,30
fresh_h50_open_loop,2,4,False,62,10,continuation,pose3_boundary10_plus20,,30
fresh_h50_open_loop,2,4,False,63,10,continuation,pose3_boundary10_plus20,,30
fresh_h50_open_loop,2,4,False,64,10,continuation,pose3_boundary10_plus20,,30
fresh_h50_open_loop,2,4,False,65,10,continuation,pose3_boundary10_plus20,,30
fresh_h50_open_loop,2,4,False,66,10,continuation,pose3_boundary10_plus20,,30
fresh_h50_open_loop,2,4,False,67,10,continuation,pose3_boundary10_plus20,,30
fresh_h50_open_loop,2,4,False,68,10,continuation,pose3_boundary10_plus20,,30
fresh_h50_open_loop,2,4,False,69,10,continuation,pose3_boundary10_plus20,,30
fresh_h50_open_loop,2,4,False,70,10,continuation,pose3_boundary10_plus20,,30
fresh_h50_open_loop,2,4,False,71,10,continuation,pose3_boundary10_plus20,,30
fresh_h50_open_loop,2,4,False,72,10,continuation,pose3_boundary10_plus20,,30
fresh_h50_open_loop,2,4,False,73,10,continuation,pose3_boundary10_plus20,,30
fresh_h50_open_loop,2,4,False,74,10,continuation,pose3_boundary10_plus20,,30
fresh_h50_open_loop,2,4,False,75,10,continuation,pose3_boundary10_plus20,,30
fresh_h50_open_loop,2,4,False,76,10,continuation,pose3_boundary10_plus20,,30
fresh_h50_open_loop,2,4,False,77,10,continuation,pose3_boundary10_plus20,,30
fresh_h50_open_loop,2,4,False,78,10,continuation,pose3_boundary10_plus20,,30
fresh_h50_open_loop,2,4,False,79,10,continuation,pose3_boundary10_plus20,,30
fresh_h50_open_loop,2,4,False,80,10,continuation,pose3_boundary10_plus20,,30
fresh_h50_open_loop,2,4,False,,10,terminal_settle,pose3_boundary10_plus20,1,30
fresh_h50_open_loop,2,4,False,,10,terminal_settle,pose3_boundary10_plus20,2,30
fresh_h50_open_loop,2,4,False,,10,terminal_settle,pose3_boundary10_plus20,3,30
fresh_h50_open_loop,2,4,False,,10,terminal_settle,pose3_boundary10_plus20,4,30
fresh_h50_open_loop,2,4,False,,10,terminal_settle,pose3_boundary10_plus20,5,30
fresh_h50_open_loop,2,4,False,,10,terminal_settle,pose3_boundary10_plus20,6,30
fresh_h50_open_loop,2,4,False,,10,terminal_settle,pose3_boundary10_plus20,7,30
fresh_h50_open_loop,2,4,False,,10,terminal_settle,pose3_boundary10_plus20,8,30
fresh_h50_open_loop,2,4,False,,10,terminal_settle,pose3_boundary10_plus20,9,30
fresh_h50_open_loop,2,4,False,,10,terminal_settle,pose3_boundary10_plus20,10,30
fresh_h50_open_loop,2,4,False,,10,terminal_settle,pose3_boundary10_plus20,11,30
fresh_h50_open_loop,2,4,False,,10,terminal_settle,pose3_boundary10_plus20,12,30
fresh_h50_open_loop,2,4,False,,10,terminal_settle,pose3_boundary10_plus20,13,30
fresh_h50_open_loop,2,4,False,,10,terminal_settle,pose3_boundary10_plus20,14,30
fresh_h50_open_loop,2,4,False,,10,terminal_settle,pose3_boundary10_plus20,15,30
fresh_h50_open_loop,2,4,False,,10,terminal_settle,pose3_boundary10_plus20,16,30
fresh_h50_open_loop,2,4,False,,10,terminal_settle,pose3_boundary10_plus20,17,30
fresh_h50_open_loop,2,4,False,,10,terminal_settle,pose3_boundary10_plus20,18,30
fresh_h50_open_loop,2,4,False,,10,terminal_settle,pose3_boundary10_plus20,19,30
fresh_h50_open_loop,2,4,False,,10,terminal_settle,pose3_boundary10_plus20,20,30
fresh_h50_open_loop,2,4,False,,10,terminal_settle,pose3_boundary10_plus20,21,30
fresh_h50_open_loop,2,4,False,,10,terminal_settle,pose3_boundary10_plus20,22,30
fresh_h50_open_loop,2,4,False,,10,terminal_settle,pose3_boundary10_plus20,23,30
fresh_h50_open_loop,2,4,False,,10,terminal_settle,pose3_boundary10_plus20,24,30
fresh_h50_open_loop,2,4,False,,10,terminal_settle,pose3_boundary10_plus20,25,30
fresh_h50_open_loop,2,4,False,,10,terminal_settle,pose3_boundary10_plus20,26,30
fresh_h50_open_loop,2,4,False,,10,terminal_settle,pose3_boundary10_plus20,27,30
fresh_h50_open_loop,2,4,False,,10,terminal_settle,pose3_boundary10_plus20,28,30
fresh_h50_open_loop,2,4,False,,10,terminal_settle,pose3_boundary10_plus20,29,30
fresh_h50_open_loop,2,4,False,,10,terminal_settle,pose3_boundary10_plus20,30,30
fresh_h50_open_loop,2,4,False,,10,terminal_settle,pose3_boundary10_plus20,31,30
fresh_h50_open_loop,2,4,False,,10,terminal_settle,pose3_boundary10_plus20,32,30
fresh_h50_open_loop,2,4,False,,10,terminal_settle,pose3_boundary10_plus20,33,30
fresh_h50_open_loop,2,4,False,,10,terminal_settle,pose3_boundary10_plus20,34,30
fresh_h50_open_loop,2,4,False,,10,terminal_settle,pose3_boundary10_plus20,35,30
fresh_h50_open_loop,2,4,False,,10,terminal_settle,pose3_boundary10_plus20,36,30
fresh_h50_open_loop,2,4,False,,10,terminal_settle,pose3_boundary10_plus20,37,30
fresh_h50_open_loop,2,4,False,,10,terminal_settle,pose3_boundary10_plus20,38,30
fresh_h50_open_loop,2,4,False,,10,terminal_settle,pose3_boundary10_plus20,39,30
fresh_h50_open_loop,2,4,False,,10,terminal_settle,pose3_boundary10_plus20,40,30
fresh_h50_open_loop,2,4,False,,10,terminal_settle,pose3_boundary10_plus20,41,30
fresh_h50_open_loop,2,4,False,,10,terminal_settle,pose3_boundary10_plus20,42,30
fresh_h50_open_loop,2,4,False,,10,terminal_settle,pose3_boundary10_plus20,43,30
fresh_h50_open_loop,2,4,False,,10,terminal_settle,pose3_boundary10_plus20,44,30
fresh_h50_open_loop,2,4,False,,10,terminal_settle,pose3_boundary10_plus20,45,30
fresh_h50_open_loop,2,4,False,,10,terminal_settle,pose3_boundary10_plus20,46,30
fresh_h50_open_loop,2,4,False,,10,terminal_settle,pose3_boundary10_plus20,47,30
fresh_h50_open_loop,2,4,False,,10,terminal_settle,pose3_boundary10_plus20,48,30
fresh_h50_open_loop,2,4,False,,10,terminal_settle,pose3_boundary10_plus20,49,30
fresh_h50_open_loop,2,4,False,,10,terminal_settle,pose3_boundary10_plus20,50,30
fresh_h50_open_loop,2,4,False,,10,terminal_settle,pose3_boundary10_plus20,51,30
fresh_h50_open_loop,2,4,False,,10,terminal_settle,pose3_boundary10_plus20,52,30
fresh_h50_open_loop,2,4,False,,10,terminal_settle,pose3_boundary10_plus20,53,30
fresh_h50_open_loop,2,4,False,,10,terminal_settle,pose3_boundary10_plus20,54,30
fresh_h50_open_loop,2,4,False,,10,terminal_settle,pose3_boundary10_plus20,55,30
fresh_h50_open_loop,2,4,False,,10,terminal_settle,pose3_boundary10_plus20,56,30
fresh_h50_open_loop,2,4,False,,10,terminal_settle,pose3_boundary10_plus20,57,30
fresh_h50_open_loop,2,4,False,,10,terminal_settle,pose3_boundary10_plus20,58,30
fresh_h50_open_loop,2,4,False,,10,terminal_settle,pose3_boundary10_plus20,59,30
fresh_h50_open_loop,2,4,False,,10,terminal_settle,pose3_boundary10_plus20,60,30
normal_h10,2,4,False,41,10,continuation,pose3_boundary10_plus30,,40
normal_h10,2,4,False,42,10,continuation,pose3_boundary10_plus30,,40
normal_h10,2,4,False,43,10,continuation,pose3_boundary10_plus30,,40
normal_h10,2,4,False,44,10,continuation,pose3_boundary10_plus30,,40
normal_h10,2,4,False,45,10,continuation,pose3_boundary10_plus30,,40
normal_h10,2,4,False,46,10,continuation,pose3_boundary10_plus30,,40
normal_h10,2,4,False,47,10,continuation,pose3_boundary10_plus30,,40
normal_h10,2,4,False,48,10,continuation,pose3_boundary10_plus30,,40
normal_h10,2,4,False,49,10,continuation,pose3_boundary10_plus30,,40
normal_h10,2,4,False,50,10,continuation,pose3_boundary10_plus30,,40
normal_h10,2,4,False,51,10,continuation,pose3_boundary10_plus30,,40
normal_h10,2,4,False,52,10,continuation,pose3_boundary10_plus30,,40
normal_h10,2,4,False,53,10,continuation,pose3_boundary10_plus30,,40
normal_h10,2,4,False,54,10,continuation,pose3_boundary10_plus30,,40
normal_h10,2,4,False,55,10,continuation,pose3_boundary10_plus30,,40
normal_h10,2,4,False,56,10,continuation,pose3_boundary10_plus30,,40
normal_h10,2,4,False,57,10,continuation,pose3_boundary10_plus30,,40
normal_h10,2,4,False,58,10,continuation,pose3_boundary10_plus30,,40
normal_h10,2,4,False,59,10,continuation,pose3_boundary10_plus30,,40
normal_h10,2,4,False,60,10,continuation,pose3_boundary10_plus30,,40
normal_h10,2,4,False,61,10,continuation,pose3_boundary10_plus30,,40
normal_h10,2,4,False,62,10,continuation,pose3_boundary10_plus30,,40
normal_h10,2,4,False,63,10,continuation,pose3_boundary10_plus30,,40
normal_h10,2,4,False,64,10,continuation,pose3_boundary10_plus30,,40
normal_h10,2,4,False,65,10,continuation,pose3_boundary10_plus30,,40
normal_h10,2,4,False,66,10,continuation,pose3_boundary10_plus30,,40
normal_h10,2,4,False,67,10,continuation,pose3_boundary10_plus30,,40
normal_h10,2,4,False,68,10,continuation,pose3_boundary10_plus30,,40
normal_h10,2,4,False,69,10,continuation,pose3_boundary10_plus30,,40
normal_h10,2,4,False,70,10,continuation,pose3_boundary10_plus30,,40
normal_h10,2,4,False,71,10,continuation,pose3_boundary10_plus30,,40
normal_h10,2,4,False,72,10,continuation,pose3_boundary10_plus30,,40
normal_h10,2,4,False,73,10,continuation,pose3_boundary10_plus30,,40
normal_h10,2,4,False,74,10,continuation,pose3_boundary10_plus30,,40
normal_h10,2,4,False,75,10,continuation,pose3_boundary10_plus30,,40
normal_h10,2,4,False,76,10,continuation,pose3_boundary10_plus30,,40
normal_h10,2,4,False,77,10,continuation,pose3_boundary10_plus30,,40
normal_h10,2,4,False,78,10,continuation,pose3_boundary10_plus30,,40
normal_h10,2,4,False,79,10,continuation,pose3_boundary10_plus30,,40
normal_h10,2,4,False,80,10,continuation,pose3_boundary10_plus30,,40
normal_h10,2,4,False,81,10,continuation,pose3_boundary10_plus30,,40
normal_h10,2,4,False,82,10,continuation,pose3_boundary10_plus30,,40
normal_h10,2,4,False,83,10,continuation,pose3_boundary10_plus30,,40
normal_h10,2,4,False,84,10,continuation,pose3_boundary10_plus30,,40
normal_h10,2,4,False,85,10,continuation,pose3_boundary10_plus30,,40
normal_h10,2,4,False,86,10,continuation,pose3_boundary10_plus30,,40
normal_h10,2,4,False,87,10,continuation,pose3_boundary10_plus30,,40
normal_h10,2,4,False,88,10,continuation,pose3_boundary10_plus30,,40
normal_h10,2,4,False,89,10,continuation,pose3_boundary10_plus30,,40
normal_h10,2,4,False,90,10,continuation,pose3_boundary10_plus30,,40
normal_h10,2,4,False,,10,terminal_settle,pose3_boundary10_plus30,1,40
normal_h10,2,4,False,,10,terminal_settle,pose3_boundary10_plus30,2,40
normal_h10,2,4,False,,10,terminal_settle,pose3_boundary10_plus30,3,40
normal_h10,2,4,False,,10,terminal_settle,pose3_boundary10_plus30,4,40
normal_h10,2,4,False,,10,terminal_settle,pose3_boundary10_plus30,5,40
normal_h10,2,4,False,,10,terminal_settle,pose3_boundary10_plus30,6,40
normal_h10,2,4,False,,10,terminal_settle,pose3_boundary10_plus30,7,40
normal_h10,2,4,False,,10,terminal_settle,pose3_boundary10_plus30,8,40
normal_h10,2,4,False,,10,terminal_settle,pose3_boundary10_plus30,9,40
normal_h10,2,4,False,,10,terminal_settle,pose3_boundary10_plus30,10,40
normal_h10,2,4,False,,10,terminal_settle,pose3_boundary10_plus30,11,40
normal_h10,2,4,False,,10,terminal_settle,pose3_boundary10_plus30,12,40
normal_h10,2,4,False,,10,terminal_settle,pose3_boundary10_plus30,13,40
normal_h10,2,4,False,,10,terminal_settle,pose3_boundary10_plus30,14,40
normal_h10,2,4,False,,10,terminal_settle,pose3_boundary10_plus30,15,40
normal_h10,2,4,False,,10,terminal_settle,pose3_boundary10_plus30,16,40
normal_h10,2,4,False,,10,terminal_settle,pose3_boundary10_plus30,17,40
normal_h10,2,4,False,,10,terminal_settle,pose3_boundary10_plus30,18,40
normal_h10,2,4,False,,10,terminal_settle,pose3_boundary10_plus30,19,40
normal_h10,2,4,False,,10,terminal_settle,pose3_boundary10_plus30,20,40
normal_h10,2,4,False,,10,terminal_settle,pose3_boundary10_plus30,21,40
normal_h10,2,4,False,,10,terminal_settle,pose3_boundary10_plus30,22,40
normal_h10,2,4,False,,10,terminal_settle,pose3_boundary10_plus30,23,40
normal_h10,2,4,False,,10,terminal_settle,pose3_boundary10_plus30,24,40
normal_h10,2,4,False,,10,terminal_settle,pose3_boundary10_plus30,25,40
normal_h10,2,4,False,,10,terminal_settle,pose3_boundary10_plus30,26,40
normal_h10,2,4,False,,10,terminal_settle,pose3_boundary10_plus30,27,40
normal_h10,2,4,False,,10,terminal_settle,pose3_boundary10_plus30,28,40
normal_h10,2,4,False,,10,terminal_settle,pose3_boundary10_plus30,29,40
normal_h10,2,4,False,,10,terminal_settle,pose3_boundary10_plus30,30,40
normal_h10,2,4,False,,10,terminal_settle,pose3_boundary10_plus30,31,40
normal_h10,2,4,False,,10,terminal_settle,pose3_boundary10_plus30,32,40
normal_h10,2,4,False,,10,terminal_settle,pose3_boundary10_plus30,33,40
normal_h10,2,4,False,,10,terminal_settle,pose3_boundary10_plus30,34,40
normal_h10,2,4,False,,10,terminal_settle,pose3_boundary10_plus30,35,40
normal_h10,2,4,False,,10,terminal_settle,pose3_boundary10_plus30,36,40
normal_h10,2,4,False,,10,terminal_settle,pose3_boundary10_plus30,37,40
normal_h10,2,4,False,,10,terminal_settle,pose3_boundary10_plus30,38,40
normal_h10,2,4,False,,10,terminal_settle,pose3_boundary10_plus30,39,40
normal_h10,2,4,False,,10,terminal_settle,pose3_boundary10_plus30,40,40
normal_h10,2,4,False,,10,terminal_settle,pose3_boundary10_plus30,41,40
normal_h10,2,4,False,,10,terminal_settle,pose3_boundary10_plus30,42,40
normal_h10,2,4,False,,10,terminal_settle,pose3_boundary10_plus30,43,40
normal_h10,2,4,False,,10,terminal_settle,pose3_boundary10_plus30,44,40
normal_h10,2,4,False,,10,terminal_settle,pose3_boundary10_plus30,45,40
normal_h10,2,4,False,,10,terminal_settle,pose3_boundary10_plus30,46,40
normal_h10,2,4,False,,10,terminal_settle,pose3_boundary10_plus30,47,40
normal_h10,2,4,False,,10,terminal_settle,pose3_boundary10_plus30,48,40
normal_h10,2,4,False,,10,terminal_settle,pose3_boundary10_plus30,49,40
normal_h10,2,4,False,,10,terminal_settle,pose3_boundary10_plus30,50,40
normal_h10,2,4,False,,10,terminal_settle,pose3_boundary10_plus30,51,40
normal_h10,2,4,False,,10,terminal_settle,pose3_boundary10_plus30,52,40
normal_h10,2,4,False,,10,terminal_settle,pose3_boundary10_plus30,53,40
normal_h10,2,4,False,,10,terminal_settle,pose3_boundary10_plus30,54,40
normal_h10,2,4,False,,10,terminal_settle,pose3_boundary10_plus30,55,40
normal_h10,2,4,False,,10,terminal_settle,pose3_boundary10_plus30,56,40
normal_h10,2,4,False,,10,terminal_settle,pose3_boundary10_plus30,57,40
normal_h10,2,4,False,,10,terminal_settle,pose3_boundary10_plus30,58,40
normal_h10,2,4,False,,10,terminal_settle,pose3_boundary10_plus30,59,40
normal_h10,2,4,False,,10,terminal_settle,pose3_boundary10_plus30,60,40
fresh_h50_open_loop,2,4,False,41,10,continuation,pose3_boundary10_plus30,,40
fresh_h50_open_loop,2,4,False,42,10,continuation,pose3_boundary10_plus30,,40
fresh_h50_open_loop,2,4,False,43,10,continuation,pose3_boundary10_plus30,,40
fresh_h50_open_loop,2,4,False,44,10,continuation,pose3_boundary10_plus30,,40
fresh_h50_open_loop,2,4,False,45,10,continuation,pose3_boundary10_plus30,,40
fresh_h50_open_loop,2,4,False,46,10,continuation,pose3_boundary10_plus30,,40
fresh_h50_open_loop,2,4,False,47,10,continuation,pose3_boundary10_plus30,,40
fresh_h50_open_loop,2,4,False,48,10,continuation,pose3_boundary10_plus30,,40
fresh_h50_open_loop,2,4,False,49,10,continuation,pose3_boundary10_plus30,,40
fresh_h50_open_loop,2,4,False,50,10,continuation,pose3_boundary10_plus30,,40
fresh_h50_open_loop,2,4,False,51,10,continuation,pose3_boundary10_plus30,,40
fresh_h50_open_loop,2,4,False,52,10,continuation,pose3_boundary10_plus30,,40
fresh_h50_open_loop,2,4,False,53,10,continuation,pose3_boundary10_plus30,,40
fresh_h50_open_loop,2,4,False,54,10,continuation,pose3_boundary10_plus30,,40
fresh_h50_open_loop,2,4,False,55,10,continuation,pose3_boundary10_plus30,,40
fresh_h50_open_loop,2,4,False,56,10,continuation,pose3_boundary10_plus30,,40
fresh_h50_open_loop,2,4,False,57,10,continuation,pose3_boundary10_plus30,,40
fresh_h50_open_loop,2,4,False,58,10,continuation,pose3_boundary10_plus30,,40
fresh_h50_open_loop,2,4,False,59,10,continuation,pose3_boundary10_plus30,,40
fresh_h50_open_loop,2,4,False,60,10,continuation,pose3_boundary10_plus30,,40
fresh_h50_open_loop,2,4,False,61,10,continuation,pose3_boundary10_plus30,,40
fresh_h50_open_loop,2,4,False,62,10,continuation,pose3_boundary10_plus30,,40
fresh_h50_open_loop,2,4,False,63,10,continuation,pose3_boundary10_plus30,,40
fresh_h50_open_loop,2,4,False,64,10,continuation,pose3_boundary10_plus30,,40
fresh_h50_open_loop,2,4,False,65,10,continuation,pose3_boundary10_plus30,,40
fresh_h50_open_loop,2,4,False,66,10,continuation,pose3_boundary10_plus30,,40
fresh_h50_open_loop,2,4,False,67,10,continuation,pose3_boundary10_plus30,,40
fresh_h50_open_loop,2,4,False,68,10,continuation,pose3_boundary10_plus30,,40
fresh_h50_open_loop,2,4,False,69,10,continuation,pose3_boundary10_plus30,,40
fresh_h50_open_loop,2,4,False,70,10,continuation,pose3_boundary10_plus30,,40
fresh_h50_open_loop,2,4,False,71,10,continuation,pose3_boundary10_plus30,,40
fresh_h50_open_loop,2,4,False,72,10,continuation,pose3_boundary10_plus30,,40
fresh_h50_open_loop,2,4,False,73,10,continuation,pose3_boundary10_plus30,,40
fresh_h50_open_loop,2,4,False,74,10,continuation,pose3_boundary10_plus30,,40
fresh_h50_open_loop,2,4,False,75,10,continuation,pose3_boundary10_plus30,,40
fresh_h50_open_loop,2,4,False,76,10,continuation,pose3_boundary10_plus30,,40
fresh_h50_open_loop,2,4,False,77,10,continuation,pose3_boundary10_plus30,,40
fresh_h50_open_loop,2,4,False,78,10,continuation,pose3_boundary10_plus30,,40
fresh_h50_open_loop,2,4,False,79,10,continuation,pose3_boundary10_plus30,,40
fresh_h50_open_loop,2,4,False,80,10,continuation,pose3_boundary10_plus30,,40
fresh_h50_open_loop,2,4,False,81,10,continuation,pose3_boundary10_plus30,,40
fresh_h50_open_loop,2,4,False,82,10,continuation,pose3_boundary10_plus30,,40
fresh_h50_open_loop,2,4,False,83,10,continuation,pose3_boundary10_plus30,,40
fresh_h50_open_loop,2,4,False,84,10,continuation,pose3_boundary10_plus30,,40
fresh_h50_open_loop,2,4,False,85,10,continuation,pose3_boundary10_plus30,,40
fresh_h50_open_loop,2,4,False,86,10,continuation,pose3_boundary10_plus30,,40
fresh_h50_open_loop,2,4,False,87,10,continuation,pose3_boundary10_plus30,,40
fresh_h50_open_loop,2,4,False,88,10,continuation,pose3_boundary10_plus30,,40
fresh_h50_open_loop,2,4,False,89,10,continuation,pose3_boundary10_plus30,,40
fresh_h50_open_loop,2,4,False,90,10,continuation,pose3_boundary10_plus30,,40
fresh_h50_open_loop,2,4,False,,10,terminal_settle,pose3_boundary10_plus30,1,40
fresh_h50_open_loop,2,4,False,,10,terminal_settle,pose3_boundary10_plus30,2,40
fresh_h50_open_loop,2,4,False,,10,terminal_settle,pose3_boundary10_plus30,3,40
fresh_h50_open_loop,2,4,False,,10,terminal_settle,pose3_boundary10_plus30,4,40
fresh_h50_open_loop,2,4,False,,10,terminal_settle,pose3_boundary10_plus30,5,40
fresh_h50_open_loop,2,4,False,,10,terminal_settle,pose3_boundary10_plus30,6,40
fresh_h50_open_loop,2,4,False,,10,terminal_settle,pose3_boundary10_plus30,7,40
fresh_h50_open_loop,2,4,False,,10,terminal_settle,pose3_boundary10_plus30,8,40
fresh_h50_open_loop,2,4,False,,10,terminal_settle,pose3_boundary10_plus30,9,40
fresh_h50_open_loop,2,4,False,,10,terminal_settle,pose3_boundary10_plus30,10,40
fresh_h50_open_loop,2,4,False,,10,terminal_settle,pose3_boundary10_plus30,11,40
fresh_h50_open_loop,2,4,False,,10,terminal_settle,pose3_boundary10_plus30,12,40
fresh_h50_open_loop,2,4,False,,10,terminal_settle,pose3_boundary10_plus30,13,40
fresh_h50_open_loop,2,4,False,,10,terminal_settle,pose3_boundary10_plus30,14,40
fresh_h50_open_loop,2,4,False,,10,terminal_settle,pose3_boundary10_plus30,15,40
fresh_h50_open_loop,2,4,False,,10,terminal_settle,pose3_boundary10_plus30,16,40
fresh_h50_open_loop,2,4,False,,10,terminal_settle,pose3_boundary10_plus30,17,40
fresh_h50_open_loop,2,4,False,,10,terminal_settle,pose3_boundary10_plus30,18,40
fresh_h50_open_loop,2,4,False,,10,terminal_settle,pose3_boundary10_plus30,19,40
fresh_h50_open_loop,2,4,False,,10,terminal_settle,pose3_boundary10_plus30,20,40
fresh_h50_open_loop,2,4,False,,10,terminal_settle,pose3_boundary10_plus30,21,40
fresh_h50_open_loop,2,4,False,,10,terminal_settle,pose3_boundary10_plus30,22,40
fresh_h50_open_loop,2,4,False,,10,terminal_settle,pose3_boundary10_plus30,23,40
fresh_h50_open_loop,2,4,False,,10,terminal_settle,pose3_boundary10_plus30,24,40
fresh_h50_open_loop,2,4,False,,10,terminal_settle,pose3_boundary10_plus30,25,40
fresh_h50_open_loop,2,4,False,,10,terminal_settle,pose3_boundary10_plus30,26,40
fresh_h50_open_loop,2,4,False,,10,terminal_settle,pose3_boundary10_plus30,27,40
fresh_h50_open_loop,2,4,False,,10,terminal_settle,pose3_boundary10_plus30,28,40
fresh_h50_open_loop,2,4,False,,10,terminal_settle,pose3_boundary10_plus30,29,40
fresh_h50_open_loop,2,4,False,,10,terminal_settle,pose3_boundary10_plus30,30,40
fresh_h50_open_loop,2,4,False,,10,terminal_settle,pose3_boundary10_plus30,31,40
fresh_h50_open_loop,2,4,False,,10,terminal_settle,pose3_boundary10_plus30,32,40
fresh_h50_open_loop,2,4,False,,10,terminal_settle,pose3_boundary10_plus30,33,40
fresh_h50_open_loop,2,4,False,,10,terminal_settle,pose3_boundary10_plus30,34,40
fresh_h50_open_loop,2,4,False,,10,terminal_settle,pose3_boundary10_plus30,35,40
fresh_h50_open_loop,2,4,False,,10,terminal_settle,pose3_boundary10_plus30,36,40
fresh_h50_open_loop,2,4,False,,10,terminal_settle,pose3_boundary10_plus30,37,40
fresh_h50_open_loop,2,4,False,,10,terminal_settle,pose3_boundary10_plus30,38,40
fresh_h50_open_loop,2,4,False,,10,terminal_settle,pose3_boundary10_plus30,39,40
fresh_h50_open_loop,2,4,False,,10,terminal_settle,pose3_boundary10_plus30,40,40
fresh_h50_open_loop,2,4,False,,10,terminal_settle,pose3_boundary10_plus30,41,40
fresh_h50_open_loop,2,4,False,,10,terminal_settle,pose3_boundary10_plus30,42,40
fresh_h50_open_loop,2,4,False,,10,terminal_settle,pose3_boundary10_plus30,43,40
fresh_h50_open_loop,2,4,False,,10,terminal_settle,pose3_boundary10_plus30,44,40
fresh_h50_open_loop,2,4,False,,10,terminal_settle,pose3_boundary10_plus30,45,40
fresh_h50_open_loop,2,4,False,,10,terminal_settle,pose3_boundary10_plus30,46,40
fresh_h50_open_loop,2,4,False,,10,terminal_settle,pose3_boundary10_plus30,47,40
fresh_h50_open_loop,2,4,False,,10,terminal_settle,pose3_boundary10_plus30,48,40
fresh_h50_open_loop,2,4,False,,10,terminal_settle,pose3_boundary10_plus30,49,40
fresh_h50_open_loop,2,4,False,,10,terminal_settle,pose3_boundary10_plus30,50,40
fresh_h50_open_loop,2,4,False,,10,terminal_settle,pose3_boundary10_plus30,51,40
fresh_h50_open_loop,2,4,False,,10,terminal_settle,pose3_boundary10_plus30,52,40
fresh_h50_open_loop,2,4,False,,10,terminal_settle,pose3_boundary10_plus30,53,40
fresh_h50_open_loop,2,4,False,,10,terminal_settle,pose3_boundary10_plus30,54,40
fresh_h50_open_loop,2,4,False,,10,terminal_settle,pose3_boundary10_plus30,55,40
fresh_h50_open_loop,2,4,False,,10,terminal_settle,pose3_boundary10_plus30,56,40
fresh_h50_open_loop,2,4,False,,10,terminal_settle,pose3_boundary10_plus30,57,40
fresh_h50_open_loop,2,4,False,,10,terminal_settle,pose3_boundary10_plus30,58,40
fresh_h50_open_loop,2,4,False,,10,terminal_settle,pose3_boundary10_plus30,59,40
fresh_h50_open_loop,2,4,False,,10,terminal_settle,pose3_boundary10_plus30,60,40
