phase,step,conditions_passed,conditions_total,success,condition_1_margin_cm,condition_2_margin_cm,condition_3_margin_cm,condition_4_margin_cm
policy,1,2,4,False,-24.826740544168977,5.733090041990069,5.883085469099475,-26.978422246027502
policy,2,2,4,False,-24.83103480254742,5.733992670808361,5.886639354800453,-26.984653406224442
policy,3,2,4,False,-24.836669124805425,5.733611409094442,5.889207399933111,-26.98615507868922
policy,4,2,4,False,-24.84384057430013,5.7341676795596985,5.888154739623575,-26.99081049863179
policy,5,2,4,False,-24.849256062764645,5.734622454327008,5.889946413286646,-26.996948643753182
policy,6,2,4,False,-24.85352502182338,5.734603455476732,5.8932101512928785,-27.000741631430063
policy,7,2,4,False,-24.858213873220663,5.734582244928864,5.895856815081784,-27.004161776471737
policy,8,2,4,False,-24.864698828349468,5.736829507677184,5.897568215324236,-27.012764991363884
policy,9,2,4,False,-24.868252954033608,5.733217646549173,5.896039463544161,-27.01248048344033
policy,10,2,4,False,-24.873931838117798,5.732129330343971,5.899871447579978,-27.018084756284555
policy,11,2,4,False,-24.877271650334954,5.732493036894654,5.900788153035839,-27.018885571923565
policy,12,2,4,False,-24.882114723103214,5.731426386780564,5.901142592911517,-27.0231631445273
policy,13,2,4,False,-24.886628420229336,5.7278728487766575,5.900978208890928,-27.033343619622084
policy,14,2,4,False,-24.889720188037536,5.718868226837573,5.898405474681086,-27.035523428991294
policy,15,2,4,False,-24.89440175256354,5.715573725870838,5.896543145275002,-27.038681423993484
policy,16,2,4,False,-24.897557383713554,5.7192208581726955,5.89511543335542,-27.04046707092279
policy,17,2,4,False,-24.901702093705367,5.712497200504865,5.8945384883383145,-27.04244221305157
policy,18,2,4,False,-24.90427929697666,5.703562878534436,5.892461268672742,-27.045491354372093
policy,19,2,4,False,-24.907625809086177,5.700123028510758,5.890681088674254,-27.049609850298683
policy,20,2,4,False,-24.912745610765796,5.709991763291496,5.891229466255089,-27.05181752217108
policy,21,2,4,False,-24.91229823645989,5.714947870560975,5.889493436442921,-27.054698787995978
policy,22,2,4,False,-24.913785738072626,5.714472072702927,5.885879097310665,-27.056586801593024
policy,23,2,4,False,-24.912775202957064,5.711498950591322,5.88244515597289,-27.058245068950672
policy,24,2,4,False,-24.917679045957335,5.707713783146415,5.882053309336927,-27.06138811846336
policy,25,2,4,False,-24.91908084028666,5.7072392266658145,5.879635469568024,-27.06358353579986
policy,26,2,4,False,-24.925387055924773,5.706131167518075,5.877916271168408,-27.06553175048278
policy,27,2,4,False,-24.92665394592668,5.703888593707761,5.877869059614559,-27.06791951982824
policy,28,2,4,False,-24.9295515280822,5.705785210985946,5.877005512979453,-27.071040334685517
policy,29,2,4,False,-24.93113366653875,5.706024126059882,5.875271478899938,-27.07109163751974
policy,30,2,4,False,-24.93487233291104,5.7047144689318205,5.87536524322771,-27.075494687750254
policy,31,2,4,False,-24.937034002498223,5.704700850951022,5.872950925608945,-27.07278714885955
policy,32,2,4,False,-24.942097135766595,5.704860943377577,5.873790041612326,-27.0762241321022
policy,33,2,4,False,-24.947465598015363,5.7027017822092905,5.872608986352217,-27.077147926037842
policy,34,2,4,False,-24.949138670335074,5.6956553046434575,5.8714019576885,-27.078466318052154
policy,35,2,4,False,-24.94706847798968,5.689509533644385,5.871613593777811,-27.079542494066434
policy,36,2,4,False,-24.951734118933743,5.70525700974151,5.871182121229202,-27.080456824758922
policy,37,2,4,False,-24.9515731380393,5.7193647159009675,5.86579275985474,-27.0819574135859
policy,38,2,4,False,-24.95623555236599,5.768583716839471,5.866257489560494,-27.082699757473154
policy,39,2,4,False,-24.957171223734356,5.763242837942785,5.866721130435449,-27.08396726623474
policy,40,2,4,False,-24.96140652167798,5.763121476493138,5.869427777314309,-27.084933905313488
policy,41,2,4,False,-24.9625058101443,5.763470328958123,5.867996277141581,-27.0853770545129
policy,42,2,4,False,-24.970556747439694,5.767126546830392,5.870534794029355,-27.086738538694878
policy,43,2,4,False,-24.978700829135732,5.77089332600473,5.871883017131394,-27.087179288364975
policy,44,2,4,False,-24.983551277190976,5.772766263660403,5.872310509473598,-27.09012797141691
policy,45,2,4,False,-24.98334720449286,5.774191776652069,5.871266220431329,-27.0900245721819
policy,46,2,4,False,-24.98839712698316,5.773909706246124,5.870626180404246,-27.090846881272793
policy,47,2,4,False,-24.987769911687636,5.768886502361985,5.8706261573766,-27.089941457726912
policy,48,2,4,False,-24.990099866499627,5.770600742480491,5.870880618168071,-27.093256251887578
policy,49,2,4,False,-24.991118061749233,5.769438104672792,5.8697145740996195,-27.09544661724132
policy,50,2,4,False,-24.993819292701303,5.769880674530194,5.873619362705396,-27.0973139559571
policy,51,2,4,False,-24.99525119800647,5.769087098491356,5.871274471719387,-27.098958175852456
policy,52,2,4,False,-24.99796725219607,5.769693836305601,5.872042070590707,-27.102293692491845
policy,53,2,4,False,-24.998309377009065,5.769269745408346,5.868958919272812,-27.10270424606944
policy,54,2,4,False,-25.001660787839832,5.770640279577064,5.868930608615466,-27.102415661662537
policy,55,2,4,False,-25.003408964820792,5.770564127717643,5.866014338855331,-27.103018492484455
policy,56,2,4,False,-25.005697991755582,5.769942843508732,5.86620451914226,-27.10585555335388
policy,57,2,4,False,-25.00621361874881,5.768648161060851,5.862294378655976,-27.10818557412937
policy,58,2,4,False,-25.010061207366412,5.765761368562254,5.86332645289521,-27.109045102247034
policy,59,2,4,False,-25.010310697166325,5.764653431806165,5.8598832836337404,-27.108561232217472
policy,60,2,4,False,-25.013309733417607,5.762941703230448,5.860786991303867,-27.110249108159575
policy,61,2,4,False,-25.014975828270174,5.7650469488785685,5.858717433227733,-27.11014153570616
policy,62,2,4,False,-25.01731799017133,5.7647280964763485,5.8578275545208225,-27.11210007551244
policy,63,2,4,False,-25.01804773236384,5.761992708930757,5.8582735693482615,-27.113824888530235
policy,64,2,4,False,-25.01731614642774,5.758833321800266,5.857097238263448,-27.11472921754687
policy,65,2,4,False,-25.003960058199837,5.752700158357387,5.856969730763096,-27.115651808728924
policy,66,2,4,False,-24.974884634895176,5.740673051742606,5.855513792611129,-27.11474394077076
policy,67,2,4,False,-24.904882747927218,5.694745274285358,5.856354781843406,-27.118309447667148
policy,68,2,4,False,-24.78245015958079,5.674667657739379,5.856855126611935,-27.118970041712654
policy,69,2,4,False,-24.602637660093073,5.658534685617125,5.85541501373576,-27.12105493874493
policy,70,2,4,False,-24.31651939114893,5.6317319314830225,5.854926747028168,-27.122022024110567
policy,71,2,4,False,-23.82888882595128,5.518203882957257,5.854760234769715,-27.12046992625753
policy,72,2,4,False,-23.137055462562984,5.221048908556314,5.854256330977007,-27.121056666298262
policy,73,2,4,False,-22.510391225720568,4.939394691405694,5.851904993530733,-27.1214920057733
policy,74,2,4,False,-21.994813968713665,4.59942508650361,5.850732017045965,-27.123167733597473
policy,75,2,4,False,-21.83850430624632,4.702063076170527,5.847714300334362,-27.121706588055094
policy,76,2,4,False,-21.94685485605681,5.27772621460158,5.8445911217310655,-27.121502193207792
policy,77,2,4,False,-21.709963325616606,5.088157593339192,5.847869029962142,-27.127045065674697
policy,78,2,4,False,-21.38046889259043,4.548602814494805,5.872729321945618,-27.153275933856758
policy,79,2,4,False,-21.00695512107056,4.040246537268013,5.873873330852694,-27.156027349920844
policy,80,2,4,False,-20.756369987145675,3.707306507462947,5.870994172831827,-27.155646530356737
policy,81,2,4,False,-20.596492127865808,3.5070991768071966,5.860403964663012,-27.146489432379337
policy,82,2,4,False,-20.81880691390812,3.940575855019693,5.8376903099356365,-27.126896276492477
policy,83,2,4,False,-20.946978183802145,4.48339396236876,5.84867740606092,-27.13836514060623
policy,84,2,4,False,-20.88493678685134,4.863850133015154,5.883133943827817,-27.172312274825853
policy,85,2,4,False,-21.021534721437334,5.494893164940679,5.928762255722363,-27.22287310296488
policy,86,2,4,False,-21.22270041337341,5.924891893241044,5.978031330380437,-27.271258021264185
policy,87,2,4,False,-21.46989961141235,6.281204133100983,6.011425867082933,-27.30898228163296
policy,88,2,4,False,-21.59268331432611,6.376185576903522,6.051188566358912,-27.34832331757048
policy,89,2,4,False,-21.58243122559722,6.236379337607152,6.113625287033722,-27.410231242890415
policy,90,2,4,False,-21.58471869665039,6.100404565175451,6.182819314746675,-27.482022493955018
policy,91,2,4,False,-21.437927307879903,5.7974804701429345,6.237746435944581,-27.540995391342964
policy,92,2,4,False,-21.078492488698835,5.478567995542528,6.281922754167036,-27.58229455651256
policy,93,2,4,False,-20.544318489924578,5.226126444768612,6.310631130900605,-27.618672761184644
policy,94,2,4,False,-19.908981803300748,4.696015561882602,6.31882301703938,-27.625997927246086
policy,95,2,4,False,-19.163325118659145,4.333463642366203,6.296896454864255,-27.608457165385136
policy,96,2,4,False,-18.09869113885376,3.8798571382574227,6.286941028706435,-27.59686527196644
policy,97,2,4,False,-16.63187632285846,3.4704280421769997,6.278444779016697,-27.594733685880602
policy,98,2,4,False,-14.528356222965845,2.951117371932712,6.279569974653937,-27.59253980946332
policy,99,2,4,False,-12.450040997270468,2.4473819508189045,6.254253698339246,-27.57555033508417
policy,100,2,4,False,-10.539917447516364,2.4046582718144585,6.246628152792498,-27.563095340201368
policy,101,2,4,False,-8.757902053485582,2.722937173187397,6.233511480216938,-27.54183593090063
policy,102,2,4,False,-6.916244066519274,3.067530740443898,6.2183524060860105,-27.51590840590657
policy,103,2,4,False,-5.240674958799312,3.384882357451529,6.16106088594986,-27.4438523006899
policy,104,2,4,False,-3.7383951986580986,3.4035432154287406,6.0726659866047665,-27.3406139827752
policy,105,2,4,False,-2.8077497360413783,3.437385093863506,5.993205302057573,-27.239868200711324
policy,106,2,4,False,-2.4986772510477753,3.5334708441377227,5.936942322435302,-27.153335588427904
policy,107,2,4,False,-2.4249885252916172,3.598480758805893,5.881239140205357,-27.086095594851468
policy,108,2,4,False,-2.438232162898391,3.682633567447569,5.8263402141177405,-27.03051102465474
policy,109,2,4,False,-2.43383029086111,3.7097916069125585,5.853315312430924,-26.978512952084987
policy,110,2,4,False,-2.393554908154849,3.6540366662260215,5.880665987906026,-26.94107497894959
policy,111,2,4,False,-2.318187663008235,3.266592698339016,5.8730126153504525,-26.908492501237145
policy,112,2,4,False,-2.306657937850563,2.848819073878019,5.812580526835623,-26.886563248744263
policy,113,2,4,False,-2.397662634884414,2.3806171600182218,5.797017743332416,-26.869079168284944
policy,114,2,4,False,-2.5285103671643405,2.046841063312339,5.78077631373114,-26.862564161494877
policy,115,2,4,False,-2.680469928397228,1.8346770094649258,5.741525941470867,-26.866272751503043
policy,116,2,4,False,-2.82796008273864,1.5977367474663389,5.675776081214623,-26.866800168747734
policy,117,2,4,False,-2.8857090610430554,1.1935129121804966,5.664691110028803,-26.866037934954573
policy,118,2,4,False,-2.9030374606671447,0.743825049310157,5.646847146516668,-26.86226644700125
policy,119,2,4,False,-2.952262894900155,0.839480710594076,5.633129914369524,-26.86270382501026
policy,120,2,4,False,-3.010973272747785,0.8979726102674199,5.62791105048842,-26.862203616521693
terminal_settle,121,2,4,False,-3.0910294995171395,0.913949737031345,5.635379188337415,-26.86516257237749
terminal_settle,122,2,4,False,-3.1547235045669773,0.9472052466508352,5.636279512917822,-26.866239026721562
terminal_settle,123,2,4,False,-3.1890962386201576,0.9437299562890438,5.638878979865845,-26.86900935358121
terminal_settle,124,2,4,False,-3.203078641381934,0.9330463212447793,5.635855481121835,-26.872972927864847
terminal_settle,125,2,4,False,-3.229490466180943,0.9385651983829959,5.635945603204709,-26.87886582352557
terminal_settle,126,2,4,False,-3.254751533878178,0.9522516948824222,5.629989850590944,-26.88211606504238
terminal_settle,127,2,4,False,-3.278640477633143,0.9684152442516023,5.632059465568863,-26.88606764188572
terminal_settle,128,2,4,False,-3.2849585974508244,0.978611227602066,5.632251716143623,-26.888987671010117
terminal_settle,129,2,4,False,-3.2951475738756297,0.9924532689582275,5.631577931351439,-26.889563209316055
terminal_settle,130,2,4,False,-3.3154156096301453,0.9981823269797463,5.63130534345837,-26.892527774792935
terminal_settle,131,2,4,False,-3.333043902975076,0.9999642259530486,5.6336884860209775,-26.897176235493742
terminal_settle,132,2,4,False,-3.330396038529326,1.0045041731363487,5.635390255401083,-26.90101557279583
terminal_settle,133,2,4,False,-3.327632698744294,1.008258247786534,5.637460545623094,-26.904169471001804
terminal_settle,134,2,4,False,-3.3202989451625413,1.0086800084048182,5.642900914296126,-26.909601068548856
terminal_settle,135,2,4,False,-3.3162495186443035,1.0152420952762817,5.65181372875419,-26.919689636712004
terminal_settle,136,2,4,False,-3.3257381890619406,1.0216701412990812,5.658326121621267,-26.924716616928887
terminal_settle,137,2,4,False,-3.327280389406516,1.0248301642956736,5.664145684882351,-26.928067776588687
terminal_settle,138,2,4,False,-3.3388163907739923,1.0306056617657369,5.675672250335817,-26.93584552226343
terminal_settle,139,2,4,False,-3.3477435074781337,1.0356262902212592,5.67955491436174,-26.93907321521819
terminal_settle,140,2,4,False,-3.352267305249697,1.0399858222684077,5.6845025771613695,-26.943308232041897
terminal_settle,141,2,4,False,-3.3552480665838633,1.0387722336279186,5.689811898858119,-26.94751120281411
terminal_settle,142,2,4,False,-3.358813572756196,1.0526952431636207,5.6900583127922335,-26.947900476354196
terminal_settle,143,2,4,False,-3.365206415429295,1.061970373234784,5.700866341679182,-26.95622855240531
terminal_settle,144,2,4,False,-3.3721334428513874,1.0732273315699459,5.7031760777066705,-26.957443099573265
terminal_settle,145,2,4,False,-3.3808870881546547,1.0825368496769823,5.706450433278375,-26.95858648823415
terminal_settle,146,2,4,False,-3.3832305520375083,1.0883990477531622,5.706704511296495,-26.960404123045617
terminal_settle,147,2,4,False,-3.387980910997758,1.0837517010225461,5.707343044638803,-26.96047230495346
terminal_settle,148,2,4,False,-3.3943470251120544,1.085593390274342,5.707899382677217,-26.96337335392916
terminal_settle,149,2,4,False,-3.401465342932136,1.0907882043993808,5.705672362487787,-26.963698195582932
terminal_settle,150,2,4,False,-3.4120554386766972,1.0976295111414558,5.703124631325407,-26.967621899211057
terminal_settle,151,2,4,False,-3.4261362928986827,1.1065863880505802,5.703841743298755,-26.96920184628109
terminal_settle,152,2,4,False,-3.4408913919668205,1.1117032873095614,5.703961306875312,-26.971579802897597
terminal_settle,153,2,4,False,-3.4565053026697434,1.11579889754195,5.703012275198182,-26.973075539662222
terminal_settle,154,2,4,False,-3.4660052171856783,1.1204611081585476,5.700860821645401,-26.975408874159275
terminal_settle,155,2,4,False,-3.4749362783168056,1.1280268887238627,5.700193800946385,-26.97769465336506
terminal_settle,156,2,4,False,-3.49070170431955,1.1342356755286005,5.7000872994973,-26.98134174482985
terminal_settle,157,2,4,False,-3.507009495478794,1.143064102908383,5.6996901623026535,-26.983734154162445
terminal_settle,158,2,4,False,-3.522139845973049,1.1509350988405078,5.697588531064936,-26.984820006614346
terminal_settle,159,2,4,False,-3.5257337098873958,1.1571536198282768,5.697387483538195,-26.986451001932014
terminal_settle,160,2,4,False,-3.5369936581963834,1.1677993401913902,5.696994562085594,-26.98944391582145
terminal_settle,161,2,4,False,-3.5487290991029727,1.1770533991302088,5.697818807051862,-26.990331004750008
terminal_settle,162,2,4,False,-3.5577077516367304,1.1811488909544519,5.69839395373476,-26.99357504473114
terminal_settle,163,2,4,False,-3.5661065590240533,1.1837350908268878,5.698903753897442,-26.995191516271415
terminal_settle,164,2,4,False,-3.576465379237412,1.1910894945805701,5.6989989013694835,-26.99803293661699
terminal_settle,165,2,4,False,-3.593473044135253,1.2028107123342853,5.699356122011528,-27.001499972491455
terminal_settle,166,2,4,False,-3.607786328058033,1.214568175424457,5.70054513630607,-27.00475725747386
terminal_settle,167,2,4,False,-3.621310681817386,1.2256134130063092,5.701020592340841,-27.004276177471507
terminal_settle,168,2,4,False,-3.632840080078216,1.2348391791031545,5.697205428883917,-27.00628674506383
terminal_settle,169,2,4,False,-3.6454332431187844,1.2452715741624232,5.695931626101325,-27.009718705189197
terminal_settle,170,2,4,False,-3.661512266787442,1.258812779055095,5.6957467882798145,-27.01533916434042
terminal_settle,171,2,4,False,-3.6782946042710307,1.2698815964704036,5.695887259232558,-27.017397967495786
terminal_settle,172,2,4,False,-3.6916521818090064,1.2757586453392022,5.698810749039444,-27.023209185927985
terminal_settle,173,2,4,False,-3.711079312144509,1.2826885513989446,5.698856454136466,-27.02473374377848
terminal_settle,174,2,4,False,-3.7270290946668876,1.2846452110040936,5.699287750088859,-27.029771094414198
terminal_settle,175,2,4,False,-3.73702758483552,1.282718705228854,5.7005938665543585,-27.033048682533614
terminal_settle,176,2,4,False,-3.743811050528281,1.2834899755183606,5.7018233060169035,-27.03914522337475
terminal_settle,177,2,4,False,-3.761475082396922,1.292728845662566,5.704043809228123,-27.04040647858002
terminal_settle,178,2,4,False,-3.778325559229014,1.3042292585090127,5.706169802908137,-27.045663794563044
terminal_settle,179,2,4,False,-3.7918692237896927,1.3170087276391627,5.705061478956081,-27.045931541571296
terminal_settle,180,2,4,False,-3.8029525523131333,1.3218282188908024,5.703049396474425,-27.047402354613094
