boundary_action,probe,local_action,global_action,action_l2_rad,per_joint_rms_rad
5,current-all,1,6,0.32153708589087193,"[0.05643752950366945, 0.1359778854825754, 0.12112404100965114, 0.030630606835859164, 0.14389686734646664, 0.007708805266096556, 0.07326988534314303, 0.1620274844568487, 0.1863175056969265, 0.05168813307037896, 0.0965180521360746, 0.00721716978042181]"
5,current-all,2,7,0.24975121794417995,"[0.05643752950366945, 0.1359778854825754, 0.12112404100965114, 0.030630606835859164, 0.14389686734646664, 0.007708805266096556, 0.07326988534314303, 0.1620274844568487, 0.1863175056969265, 0.05168813307037896, 0.0965180521360746, 0.00721716978042181]"
5,current-all,3,8,0.1099667634864802,"[0.05643752950366945, 0.1359778854825754, 0.12112404100965114, 0.030630606835859164, 0.14389686734646664, 0.007708805266096556, 0.07326988534314303, 0.1620274844568487, 0.1863175056969265, 0.05168813307037896, 0.0965180521360746, 0.00721716978042181]"
5,current-all,4,9,0.12637167986311743,"[0.05643752950366945, 0.1359778854825754, 0.12112404100965114, 0.030630606835859164, 0.14389686734646664, 0.007708805266096556, 0.07326988534314303, 0.1620274844568487, 0.1863175056969265, 0.05168813307037896, 0.0965180521360746, 0.00721716978042181]"
5,current-all,5,10,0.12979354546008506,"[0.05643752950366945, 0.1359778854825754, 0.12112404100965114, 0.030630606835859164, 0.14389686734646664, 0.007708805266096556, 0.07326988534314303, 0.1620274844568487, 0.1863175056969265, 0.05168813307037896, 0.0965180521360746, 0.00721716978042181]"
5,current-all,6,11,0.11174779232786473,"[0.05643752950366945, 0.1359778854825754, 0.12112404100965114, 0.030630606835859164, 0.14389686734646664, 0.007708805266096556, 0.07326988534314303, 0.1620274844568487, 0.1863175056969265, 0.05168813307037896, 0.0965180521360746, 0.00721716978042181]"
5,current-all,7,12,0.12109176197055849,"[0.05643752950366945, 0.1359778854825754, 0.12112404100965114, 0.030630606835859164, 0.14389686734646664, 0.007708805266096556, 0.07326988534314303, 0.1620274844568487, 0.1863175056969265, 0.05168813307037896, 0.0965180521360746, 0.00721716978042181]"
5,current-all,8,13,0.5641051150071131,"[0.05643752950366945, 0.1359778854825754, 0.12112404100965114, 0.030630606835859164, 0.14389686734646664, 0.007708805266096556, 0.07326988534314303, 0.1620274844568487, 0.1863175056969265, 0.05168813307037896, 0.0965180521360746, 0.00721716978042181]"
5,current-all,9,14,0.698043051141928,"[0.05643752950366945, 0.1359778854825754, 0.12112404100965114, 0.030630606835859164, 0.14389686734646664, 0.007708805266096556, 0.07326988534314303, 0.1620274844568487, 0.1863175056969265, 0.05168813307037896, 0.0965180521360746, 0.00721716978042181]"
5,current-all,10,15,0.5665267196646995,"[0.05643752950366945, 0.1359778854825754, 0.12112404100965114, 0.030630606835859164, 0.14389686734646664, 0.007708805266096556, 0.07326988534314303, 0.1620274844568487, 0.1863175056969265, 0.05168813307037896, 0.0965180521360746, 0.00721716978042181]"
5,old-all-images-current-state,1,6,0.23309380411121564,"[0.04690950985682206, 0.07321390879481712, 0.0747732633103763, 0.013547293329658662, 0.15104095504913614, 0.009184996108423906, 0.04217409222960695, 0.0873580661384196, 0.09922642836256475, 0.041633817482497934, 0.05906305001787839, 0.005830302733750443]"
5,old-all-images-current-state,2,7,0.18152100255942757,"[0.04690950985682206, 0.07321390879481712, 0.0747732633103763, 0.013547293329658662, 0.15104095504913614, 0.009184996108423906, 0.04217409222960695, 0.0873580661384196, 0.09922642836256475, 0.041633817482497934, 0.05906305001787839, 0.005830302733750443]"
5,old-all-images-current-state,3,8,0.11440897445528317,"[0.04690950985682206, 0.07321390879481712, 0.0747732633103763, 0.013547293329658662, 0.15104095504913614, 0.009184996108423906, 0.04217409222960695, 0.0873580661384196, 0.09922642836256475, 0.041633817482497934, 0.05906305001787839, 0.005830302733750443]"
5,old-all-images-current-state,4,9,0.10461311517786274,"[0.04690950985682206, 0.07321390879481712, 0.0747732633103763, 0.013547293329658662, 0.15104095504913614, 0.009184996108423906, 0.04217409222960695, 0.0873580661384196, 0.09922642836256475, 0.041633817482497934, 0.05906305001787839, 0.005830302733750443]"
5,old-all-images-current-state,5,10,0.11010824200000963,"[0.04690950985682206, 0.07321390879481712, 0.0747732633103763, 0.013547293329658662, 0.15104095504913614, 0.009184996108423906, 0.04217409222960695, 0.0873580661384196, 0.09922642836256475, 0.041633817482497934, 0.05906305001787839, 0.005830302733750443]"
5,old-all-images-current-state,6,11,0.07251250458746325,"[0.04690950985682206, 0.07321390879481712, 0.0747732633103763, 0.013547293329658662, 0.15104095504913614, 0.009184996108423906, 0.04217409222960695, 0.0873580661384196, 0.09922642836256475, 0.041633817482497934, 0.05906305001787839, 0.005830302733750443]"
5,old-all-images-current-state,7,12,0.10293177029733085,"[0.04690950985682206, 0.07321390879481712, 0.0747732633103763, 0.013547293329658662, 0.15104095504913614, 0.009184996108423906, 0.04217409222960695, 0.0873580661384196, 0.09922642836256475, 0.041633817482497934, 0.05906305001787839, 0.005830302733750443]"
5,old-all-images-current-state,8,13,0.3929633409461257,"[0.04690950985682206, 0.07321390879481712, 0.0747732633103763, 0.013547293329658662, 0.15104095504913614, 0.009184996108423906, 0.04217409222960695, 0.0873580661384196, 0.09922642836256475, 0.041633817482497934, 0.05906305001787839, 0.005830302733750443]"
5,old-all-images-current-state,9,14,0.4534381916224245,"[0.04690950985682206, 0.07321390879481712, 0.0747732633103763, 0.013547293329658662, 0.15104095504913614, 0.009184996108423906, 0.04217409222960695, 0.0873580661384196, 0.09922642836256475, 0.041633817482497934, 0.05906305001787839, 0.005830302733750443]"
5,old-all-images-current-state,10,15,0.3288305129560691,"[0.04690950985682206, 0.07321390879481712, 0.0747732633103763, 0.013547293329658662, 0.15104095504913614, 0.009184996108423906, 0.04217409222960695, 0.0873580661384196, 0.09922642836256475, 0.041633817482497934, 0.05906305001787839, 0.005830302733750443]"
5,current-images-old-state,1,6,0.20971565706035178,"[0.050546775166983714, 0.023945622320536267, 0.03596209902655631, 0.011106332350445417, 0.06621733371375867, 0.0034206455156849773, 0.04771424486301223, 0.04062802804008087, 0.057836783880349824, 0.032955266441134605, 0.03663883814764962, 0.006304061180829757]"
5,current-images-old-state,2,7,0.17716330632757038,"[0.050546775166983714, 0.023945622320536267, 0.03596209902655631, 0.011106332350445417, 0.06621733371375867, 0.0034206455156849773, 0.04771424486301223, 0.04062802804008087, 0.057836783880349824, 0.032955266441134605, 0.03663883814764962, 0.006304061180829757]"
5,current-images-old-state,3,8,0.13344416006698928,"[0.050546775166983714, 0.023945622320536267, 0.03596209902655631, 0.011106332350445417, 0.06621733371375867, 0.0034206455156849773, 0.04771424486301223, 0.04062802804008087, 0.057836783880349824, 0.032955266441134605, 0.03663883814764962, 0.006304061180829757]"
5,current-images-old-state,4,9,0.10795968902136233,"[0.050546775166983714, 0.023945622320536267, 0.03596209902655631, 0.011106332350445417, 0.06621733371375867, 0.0034206455156849773, 0.04771424486301223, 0.04062802804008087, 0.057836783880349824, 0.032955266441134605, 0.03663883814764962, 0.006304061180829757]"
5,current-images-old-state,5,10,0.09660582411182683,"[0.050546775166983714, 0.023945622320536267, 0.03596209902655631, 0.011106332350445417, 0.06621733371375867, 0.0034206455156849773, 0.04771424486301223, 0.04062802804008087, 0.057836783880349824, 0.032955266441134605, 0.03663883814764962, 0.006304061180829757]"
5,current-images-old-state,6,11,0.12899466025309345,"[0.050546775166983714, 0.023945622320536267, 0.03596209902655631, 0.011106332350445417, 0.06621733371375867, 0.0034206455156849773, 0.04771424486301223, 0.04062802804008087, 0.057836783880349824, 0.032955266441134605, 0.03663883814764962, 0.006304061180829757]"
5,current-images-old-state,7,12,0.10502906973259499,"[0.050546775166983714, 0.023945622320536267, 0.03596209902655631, 0.011106332350445417, 0.06621733371375867, 0.0034206455156849773, 0.04771424486301223, 0.04062802804008087, 0.057836783880349824, 0.032955266441134605, 0.03663883814764962, 0.006304061180829757]"
5,current-images-old-state,8,13,0.13872888779685408,"[0.050546775166983714, 0.023945622320536267, 0.03596209902655631, 0.011106332350445417, 0.06621733371375867, 0.0034206455156849773, 0.04771424486301223, 0.04062802804008087, 0.057836783880349824, 0.032955266441134605, 0.03663883814764962, 0.006304061180829757]"
5,current-images-old-state,9,14,0.12285025616167768,"[0.050546775166983714, 0.023945622320536267, 0.03596209902655631, 0.011106332350445417, 0.06621733371375867, 0.0034206455156849773, 0.04771424486301223, 0.04062802804008087, 0.057836783880349824, 0.032955266441134605, 0.03663883814764962, 0.006304061180829757]"
5,current-images-old-state,10,15,0.10319204001026988,"[0.050546775166983714, 0.023945622320536267, 0.03596209902655631, 0.011106332350445417, 0.06621733371375867, 0.0034206455156849773, 0.04771424486301223, 0.04062802804008087, 0.057836783880349824, 0.032955266441134605, 0.03663883814764962, 0.006304061180829757]"
5,old-top-only,1,6,0.3220995844833517,"[0.05636557678107915, 0.13841918058110012, 0.12339773802518232, 0.030732832836599274, 0.1450737637777051, 0.007882738822308255, 0.07353228470354511, 0.16377161108218663, 0.18795727153697825, 0.05168912502211385, 0.09718061849255373, 0.007413347484732035]"
5,old-top-only,2,7,0.2506369614444769,"[0.05636557678107915, 0.13841918058110012, 0.12339773802518232, 0.030732832836599274, 0.1450737637777051, 0.007882738822308255, 0.07353228470354511, 0.16377161108218663, 0.18795727153697825, 0.05168912502211385, 0.09718061849255373, 0.007413347484732035]"
5,old-top-only,3,8,0.11048969555005368,"[0.05636557678107915, 0.13841918058110012, 0.12339773802518232, 0.030732832836599274, 0.1450737637777051, 0.007882738822308255, 0.07353228470354511, 0.16377161108218663, 0.18795727153697825, 0.05168912502211385, 0.09718061849255373, 0.007413347484732035]"
5,old-top-only,4,9,0.12776759852999992,"[0.05636557678107915, 0.13841918058110012, 0.12339773802518232, 0.030732832836599274, 0.1450737637777051, 0.007882738822308255, 0.07353228470354511, 0.16377161108218663, 0.18795727153697825, 0.05168912502211385, 0.09718061849255373, 0.007413347484732035]"
5,old-top-only,5,10,0.1296549393344559,"[0.05636557678107915, 0.13841918058110012, 0.12339773802518232, 0.030732832836599274, 0.1450737637777051, 0.007882738822308255, 0.07353228470354511, 0.16377161108218663, 0.18795727153697825, 0.05168912502211385, 0.09718061849255373, 0.007413347484732035]"
5,old-top-only,6,11,0.11219919990299729,"[0.05636557678107915, 0.13841918058110012, 0.12339773802518232, 0.030732832836599274, 0.1450737637777051, 0.007882738822308255, 0.07353228470354511, 0.16377161108218663, 0.18795727153697825, 0.05168912502211385, 0.09718061849255373, 0.007413347484732035]"
5,old-top-only,7,12,0.12076688452785343,"[0.05636557678107915, 0.13841918058110012, 0.12339773802518232, 0.030732832836599274, 0.1450737637777051, 0.007882738822308255, 0.07353228470354511, 0.16377161108218663, 0.18795727153697825, 0.05168912502211385, 0.09718061849255373, 0.007413347484732035]"
5,old-top-only,8,13,0.5707971210336252,"[0.05636557678107915, 0.13841918058110012, 0.12339773802518232, 0.030732832836599274, 0.1450737637777051, 0.007882738822308255, 0.07353228470354511, 0.16377161108218663, 0.18795727153697825, 0.05168912502211385, 0.09718061849255373, 0.007413347484732035]"
5,old-top-only,9,14,0.7058294933734727,"[0.05636557678107915, 0.13841918058110012, 0.12339773802518232, 0.030732832836599274, 0.1450737637777051, 0.007882738822308255, 0.07353228470354511, 0.16377161108218663, 0.18795727153697825, 0.05168912502211385, 0.09718061849255373, 0.007413347484732035]"
5,old-top-only,10,15,0.5747614396797925,"[0.05636557678107915, 0.13841918058110012, 0.12339773802518232, 0.030732832836599274, 0.1450737637777051, 0.007882738822308255, 0.07353228470354511, 0.16377161108218663, 0.18795727153697825, 0.05168912502211385, 0.09718061849255373, 0.007413347484732035]"
5,old-left-only,1,6,0.24938643476976458,"[0.05501737728231883, 0.08146015427197151, 0.07698157341968594, 0.013679944045115668, 0.13834929293255488, 0.00975734378745389, 0.04550109788699521, 0.09529888394161737, 0.11970490174625828, 0.041998070582264124, 0.06492684425577024, 0.005443063832683072]"
5,old-left-only,2,7,0.19213394131539818,"[0.05501737728231883, 0.08146015427197151, 0.07698157341968594, 0.013679944045115668, 0.13834929293255488, 0.00975734378745389, 0.04550109788699521, 0.09529888394161737, 0.11970490174625828, 0.041998070582264124, 0.06492684425577024, 0.005443063832683072]"
5,old-left-only,3,8,0.09521284055836433,"[0.05501737728231883, 0.08146015427197151, 0.07698157341968594, 0.013679944045115668, 0.13834929293255488, 0.00975734378745389, 0.04550109788699521, 0.09529888394161737, 0.11970490174625828, 0.041998070582264124, 0.06492684425577024, 0.005443063832683072]"
5,old-left-only,4,9,0.09637670847302038,"[0.05501737728231883, 0.08146015427197151, 0.07698157341968594, 0.013679944045115668, 0.13834929293255488, 0.00975734378745389, 0.04550109788699521, 0.09529888394161737, 0.11970490174625828, 0.041998070582264124, 0.06492684425577024, 0.005443063832683072]"
5,old-left-only,5,10,0.10589330486785974,"[0.05501737728231883, 0.08146015427197151, 0.07698157341968594, 0.013679944045115668, 0.13834929293255488, 0.00975734378745389, 0.04550109788699521, 0.09529888394161737, 0.11970490174625828, 0.041998070582264124, 0.06492684425577024, 0.005443063832683072]"
5,old-left-only,6,11,0.07544787334377553,"[0.05501737728231883, 0.08146015427197151, 0.07698157341968594, 0.013679944045115668, 0.13834929293255488, 0.00975734378745389, 0.04550109788699521, 0.09529888394161737, 0.11970490174625828, 0.041998070582264124, 0.06492684425577024, 0.005443063832683072]"
5,old-left-only,7,12,0.09834748327226023,"[0.05501737728231883, 0.08146015427197151, 0.07698157341968594, 0.013679944045115668, 0.13834929293255488, 0.00975734378745389, 0.04550109788699521, 0.09529888394161737, 0.11970490174625828, 0.041998070582264124, 0.06492684425577024, 0.005443063832683072]"
5,old-left-only,8,13,0.41130498460102244,"[0.05501737728231883, 0.08146015427197151, 0.07698157341968594, 0.013679944045115668, 0.13834929293255488, 0.00975734378745389, 0.04550109788699521, 0.09529888394161737, 0.11970490174625828, 0.041998070582264124, 0.06492684425577024, 0.005443063832683072]"
5,old-left-only,9,14,0.48245123119137373,"[0.05501737728231883, 0.08146015427197151, 0.07698157341968594, 0.013679944045115668, 0.13834929293255488, 0.00975734378745389, 0.04550109788699521, 0.09529888394161737, 0.11970490174625828, 0.041998070582264124, 0.06492684425577024, 0.005443063832683072]"
5,old-left-only,10,15,0.3450356087060481,"[0.05501737728231883, 0.08146015427197151, 0.07698157341968594, 0.013679944045115668, 0.13834929293255488, 0.00975734378745389, 0.04550109788699521, 0.09529888394161737, 0.11970490174625828, 0.041998070582264124, 0.06492684425577024, 0.005443063832683072]"
5,old-right-only,1,6,0.2730362813261986,"[0.04902388180488062, 0.11472136363697279, 0.11006982488690902, 0.026918358886351672, 0.1539982389919534, 0.007857746658912165, 0.057131404258850486, 0.13869961313718301, 0.14920484308939408, 0.04812196941460646, 0.08708665999626775, 0.007055868054678458]"
5,old-right-only,2,7,0.21002567884797074,"[0.04902388180488062, 0.11472136363697279, 0.11006982488690902, 0.026918358886351672, 0.1539982389919534, 0.007857746658912165, 0.057131404258850486, 0.13869961313718301, 0.14920484308939408, 0.04812196941460646, 0.08708665999626775, 0.007055868054678458]"
5,old-right-only,3,8,0.09872170580520373,"[0.04902388180488062, 0.11472136363697279, 0.11006982488690902, 0.026918358886351672, 0.1539982389919534, 0.007857746658912165, 0.057131404258850486, 0.13869961313718301, 0.14920484308939408, 0.04812196941460646, 0.08708665999626775, 0.007055868054678458]"
5,old-right-only,4,9,0.09858716595747995,"[0.04902388180488062, 0.11472136363697279, 0.11006982488690902, 0.026918358886351672, 0.1539982389919534, 0.007857746658912165, 0.057131404258850486, 0.13869961313718301, 0.14920484308939408, 0.04812196941460646, 0.08708665999626775, 0.007055868054678458]"
5,old-right-only,5,10,0.10669452255472361,"[0.04902388180488062, 0.11472136363697279, 0.11006982488690902, 0.026918358886351672, 0.1539982389919534, 0.007857746658912165, 0.057131404258850486, 0.13869961313718301, 0.14920484308939408, 0.04812196941460646, 0.08708665999626775, 0.007055868054678458]"
5,old-right-only,6,11,0.07819419657633175,"[0.04902388180488062, 0.11472136363697279, 0.11006982488690902, 0.026918358886351672, 0.1539982389919534, 0.007857746658912165, 0.057131404258850486, 0.13869961313718301, 0.14920484308939408, 0.04812196941460646, 0.08708665999626775, 0.007055868054678458]"
5,old-right-only,7,12,0.10151636500880235,"[0.04902388180488062, 0.11472136363697279, 0.11006982488690902, 0.026918358886351672, 0.1539982389919534, 0.007857746658912165, 0.057131404258850486, 0.13869961313718301, 0.14920484308939408, 0.04812196941460646, 0.08708665999626775, 0.007055868054678458]"
5,old-right-only,8,13,0.510815031226203,"[0.04902388180488062, 0.11472136363697279, 0.11006982488690902, 0.026918358886351672, 0.1539982389919534, 0.007857746658912165, 0.057131404258850486, 0.13869961313718301, 0.14920484308939408, 0.04812196941460646, 0.08708665999626775, 0.007055868054678458]"
5,old-right-only,9,14,0.6242037334896865,"[0.04902388180488062, 0.11472136363697279, 0.11006982488690902, 0.026918358886351672, 0.1539982389919534, 0.007857746658912165, 0.057131404258850486, 0.13869961313718301, 0.14920484308939408, 0.04812196941460646, 0.08708665999626775, 0.007055868054678458]"
5,old-right-only,10,15,0.5024506627013,"[0.04902388180488062, 0.11472136363697279, 0.11006982488690902, 0.026918358886351672, 0.1539982389919534, 0.007857746658912165, 0.057131404258850486, 0.13869961313718301, 0.14920484308939408, 0.04812196941460646, 0.08708665999626775, 0.007055868054678458]"
5,old-both-wrists,1,6,0.23422588487206986,"[0.04659325226072635, 0.07307896964049755, 0.07495337017156785, 0.013540271921091931, 0.1506630391964128, 0.009192047571018326, 0.04171231044504424, 0.0881481108064823, 0.09953095673907304, 0.04212872357258907, 0.05895868419712692, 0.005866857029043641]"
5,old-both-wrists,2,7,0.18243597180794524,"[0.04659325226072635, 0.07307896964049755, 0.07495337017156785, 0.013540271921091931, 0.1506630391964128, 0.009192047571018326, 0.04171231044504424, 0.0881481108064823, 0.09953095673907304, 0.04212872357258907, 0.05895868419712692, 0.005866857029043641]"
5,old-both-wrists,3,8,0.11420557721356447,"[0.04659325226072635, 0.07307896964049755, 0.07495337017156785, 0.013540271921091931, 0.1506630391964128, 0.009192047571018326, 0.04171231044504424, 0.0881481108064823, 0.09953095673907304, 0.04212872357258907, 0.05895868419712692, 0.005866857029043641]"
5,old-both-wrists,4,9,0.10353288730927,"[0.04659325226072635, 0.07307896964049755, 0.07495337017156785, 0.013540271921091931, 0.1506630391964128, 0.009192047571018326, 0.04171231044504424, 0.0881481108064823, 0.09953095673907304, 0.04212872357258907, 0.05895868419712692, 0.005866857029043641]"
5,old-both-wrists,5,10,0.1096292903964435,"[0.04659325226072635, 0.07307896964049755, 0.07495337017156785, 0.013540271921091931, 0.1506630391964128, 0.009192047571018326, 0.04171231044504424, 0.0881481108064823, 0.09953095673907304, 0.04212872357258907, 0.05895868419712692, 0.005866857029043641]"
5,old-both-wrists,6,11,0.07238975782379223,"[0.04659325226072635, 0.07307896964049755, 0.07495337017156785, 0.013540271921091931, 0.1506630391964128, 0.009192047571018326, 0.04171231044504424, 0.0881481108064823, 0.09953095673907304, 0.04212872357258907, 0.05895868419712692, 0.005866857029043641]"
5,old-both-wrists,7,12,0.10304452135757755,"[0.04659325226072635, 0.07307896964049755, 0.07495337017156785, 0.013540271921091931, 0.1506630391964128, 0.009192047571018326, 0.04171231044504424, 0.0881481108064823, 0.09953095673907304, 0.04212872357258907, 0.05895868419712692, 0.005866857029043641]"
5,old-both-wrists,8,13,0.3921793873063156,"[0.04659325226072635, 0.07307896964049755, 0.07495337017156785, 0.013540271921091931, 0.1506630391964128, 0.009192047571018326, 0.04171231044504424, 0.0881481108064823, 0.09953095673907304, 0.04212872357258907, 0.05895868419712692, 0.005866857029043641]"
5,old-both-wrists,9,14,0.4533468463739524,"[0.04659325226072635, 0.07307896964049755, 0.07495337017156785, 0.013540271921091931, 0.1506630391964128, 0.009192047571018326, 0.04171231044504424, 0.0881481108064823, 0.09953095673907304, 0.04212872357258907, 0.05895868419712692, 0.005866857029043641]"
5,old-both-wrists,10,15,0.3299588360878255,"[0.04659325226072635, 0.07307896964049755, 0.07495337017156785, 0.013540271921091931, 0.1506630391964128, 0.009192047571018326, 0.04171231044504424, 0.0881481108064823, 0.09953095673907304, 0.04212872357258907, 0.05895868419712692, 0.005866857029043641]"
10,current-all,1,11,0.46205756807098697,"[0.07072139360456245, 0.7362962654845548, 0.3964369654020564, 0.09626327072579889, 0.2295245056043645, 0.4348734264115266, 0.09782130078413202, 0.1844887236644999, 0.20292572089264985, 0.06787527994323964, 0.0618302773128215, 0.008026449317030148]"
10,current-all,2,12,0.577159163977363,"[0.07072139360456245, 0.7362962654845548, 0.3964369654020564, 0.09626327072579889, 0.2295245056043645, 0.4348734264115266, 0.09782130078413202, 0.1844887236644999, 0.20292572089264985, 0.06787527994323964, 0.0618302773128215, 0.008026449317030148]"
10,current-all,3,13,0.72588732655391,"[0.07072139360456245, 0.7362962654845548, 0.3964369654020564, 0.09626327072579889, 0.2295245056043645, 0.4348734264115266, 0.09782130078413202, 0.1844887236644999, 0.20292572089264985, 0.06787527994323964, 0.0618302773128215, 0.008026449317030148]"
10,current-all,4,14,1.0214085851597363,"[0.07072139360456245, 0.7362962654845548, 0.3964369654020564, 0.09626327072579889, 0.2295245056043645, 0.4348734264115266, 0.09782130078413202, 0.1844887236644999, 0.20292572089264985, 0.06787527994323964, 0.0618302773128215, 0.008026449317030148]"
10,current-all,5,15,1.0815768523404259,"[0.07072139360456245, 0.7362962654845548, 0.3964369654020564, 0.09626327072579889, 0.2295245056043645, 0.4348734264115266, 0.09782130078413202, 0.1844887236644999, 0.20292572089264985, 0.06787527994323964, 0.0618302773128215, 0.008026449317030148]"
10,current-all,6,16,1.07502577070821,"[0.07072139360456245, 0.7362962654845548, 0.3964369654020564, 0.09626327072579889, 0.2295245056043645, 0.4348734264115266, 0.09782130078413202, 0.1844887236644999, 0.20292572089264985, 0.06787527994323964, 0.0618302773128215, 0.008026449317030148]"
10,current-all,7,17,1.0376949878488582,"[0.07072139360456245, 0.7362962654845548, 0.3964369654020564, 0.09626327072579889, 0.2295245056043645, 0.4348734264115266, 0.09782130078413202, 0.1844887236644999, 0.20292572089264985, 0.06787527994323964, 0.0618302773128215, 0.008026449317030148]"
10,current-all,8,18,1.2443076302529132,"[0.07072139360456245, 0.7362962654845548, 0.3964369654020564, 0.09626327072579889, 0.2295245056043645, 0.4348734264115266, 0.09782130078413202, 0.1844887236644999, 0.20292572089264985, 0.06787527994323964, 0.0618302773128215, 0.008026449317030148]"
10,current-all,9,19,1.3375879235718549,"[0.07072139360456245, 0.7362962654845548, 0.3964369654020564, 0.09626327072579889, 0.2295245056043645, 0.4348734264115266, 0.09782130078413202, 0.1844887236644999, 0.20292572089264985, 0.06787527994323964, 0.0618302773128215, 0.008026449317030148]"
10,current-all,10,20,1.2766492842117882,"[0.07072139360456245, 0.7362962654845548, 0.3964369654020564, 0.09626327072579889, 0.2295245056043645, 0.4348734264115266, 0.09782130078413202, 0.1844887236644999, 0.20292572089264985, 0.06787527994323964, 0.0618302773128215, 0.008026449317030148]"
10,old-all-images-current-state,1,11,0.19410678237865847,"[0.13695511968779747, 0.4155155774911308, 0.20234383996077465, 0.0540299880365561, 0.2726228081299075, 0.3944216496149819, 0.028028989881988205, 0.03653012156848358, 0.05058964852128093, 0.058167744447318676, 0.032761440596431796, 0.013228266407129296]"
10,old-all-images-current-state,2,12,0.19586444594152302,"[0.13695511968779747, 0.4155155774911308, 0.20234383996077465, 0.0540299880365561, 0.2726228081299075, 0.3944216496149819, 0.028028989881988205, 0.03653012156848358, 0.05058964852128093, 0.058167744447318676, 0.032761440596431796, 0.013228266407129296]"
10,old-all-images-current-state,3,13,0.3064540187475563,"[0.13695511968779747, 0.4155155774911308, 0.20234383996077465, 0.0540299880365561, 0.2726228081299075, 0.3944216496149819, 0.028028989881988205, 0.03653012156848358, 0.05058964852128093, 0.058167744447318676, 0.032761440596431796, 0.013228266407129296]"
10,old-all-images-current-state,4,14,0.8097528710898404,"[0.13695511968779747, 0.4155155774911308, 0.20234383996077465, 0.0540299880365561, 0.2726228081299075, 0.3944216496149819, 0.028028989881988205, 0.03653012156848358, 0.05058964852128093, 0.058167744447318676, 0.032761440596431796, 0.013228266407129296]"
10,old-all-images-current-state,5,15,0.6856551939339285,"[0.13695511968779747, 0.4155155774911308, 0.20234383996077465, 0.0540299880365561, 0.2726228081299075, 0.3944216496149819, 0.028028989881988205, 0.03653012156848358, 0.05058964852128093, 0.058167744447318676, 0.032761440596431796, 0.013228266407129296]"
10,old-all-images-current-state,6,16,0.4567413633117837,"[0.13695511968779747, 0.4155155774911308, 0.20234383996077465, 0.0540299880365561, 0.2726228081299075, 0.3944216496149819, 0.028028989881988205, 0.03653012156848358, 0.05058964852128093, 0.058167744447318676, 0.032761440596431796, 0.013228266407129296]"
10,old-all-images-current-state,7,17,0.42168711094545036,"[0.13695511968779747, 0.4155155774911308, 0.20234383996077465, 0.0540299880365561, 0.2726228081299075, 0.3944216496149819, 0.028028989881988205, 0.03653012156848358, 0.05058964852128093, 0.058167744447318676, 0.032761440596431796, 0.013228266407129296]"
10,old-all-images-current-state,8,18,0.9647851844975225,"[0.13695511968779747, 0.4155155774911308, 0.20234383996077465, 0.0540299880365561, 0.2726228081299075, 0.3944216496149819, 0.028028989881988205, 0.03653012156848358, 0.05058964852128093, 0.058167744447318676, 0.032761440596431796, 0.013228266407129296]"
10,old-all-images-current-state,9,19,1.0711577651354511,"[0.13695511968779747, 0.4155155774911308, 0.20234383996077465, 0.0540299880365561, 0.2726228081299075, 0.3944216496149819, 0.028028989881988205, 0.03653012156848358, 0.05058964852128093, 0.058167744447318676, 0.032761440596431796, 0.013228266407129296]"
10,old-all-images-current-state,10,20,0.992144392118026,"[0.13695511968779747, 0.4155155774911308, 0.20234383996077465, 0.0540299880365561, 0.2726228081299075, 0.3944216496149819, 0.028028989881988205, 0.03653012156848358, 0.05058964852128093, 0.058167744447318676, 0.032761440596431796, 0.013228266407129296]"
10,current-images-old-state,1,11,0.6375328687911717,"[0.07629292771215518, 0.11883639251553946, 0.110228878114305, 0.07850560169970923, 0.10303140761942527, 0.020547973714380798, 0.13808573822117307, 0.20101885313193926, 0.20159987688318778, 0.11302182355729848, 0.05602359135237116, 0.01251057768646786]"
10,current-images-old-state,2,12,0.517712751804858,"[0.07629292771215518, 0.11883639251553946, 0.110228878114305, 0.07850560169970923, 0.10303140761942527, 0.020547973714380798, 0.13808573822117307, 0.20101885313193926, 0.20159987688318778, 0.11302182355729848, 0.05602359135237116, 0.01251057768646786]"
10,current-images-old-state,3,13,0.2766695692106909,"[0.07629292771215518, 0.11883639251553946, 0.110228878114305, 0.07850560169970923, 0.10303140761942527, 0.020547973714380798, 0.13808573822117307, 0.20101885313193926, 0.20159987688318778, 0.11302182355729848, 0.05602359135237116, 0.01251057768646786]"
10,current-images-old-state,4,14,0.29924282238704236,"[0.07629292771215518, 0.11883639251553946, 0.110228878114305, 0.07850560169970923, 0.10303140761942527, 0.020547973714380798, 0.13808573822117307, 0.20101885313193926, 0.20159987688318778, 0.11302182355729848, 0.05602359135237116, 0.01251057768646786]"
10,current-images-old-state,5,15,0.2082054161342732,"[0.07629292771215518, 0.11883639251553946, 0.110228878114305, 0.07850560169970923, 0.10303140761942527, 0.020547973714380798, 0.13808573822117307, 0.20101885313193926, 0.20159987688318778, 0.11302182355729848, 0.05602359135237116, 0.01251057768646786]"
10,current-images-old-state,6,16,0.22347116360257982,"[0.07629292771215518, 0.11883639251553946, 0.110228878114305, 0.07850560169970923, 0.10303140761942527, 0.020547973714380798, 0.13808573822117307, 0.20101885313193926, 0.20159987688318778, 0.11302182355729848, 0.05602359135237116, 0.01251057768646786]"
10,current-images-old-state,7,17,0.1774934400539666,"[0.07629292771215518, 0.11883639251553946, 0.110228878114305, 0.07850560169970923, 0.10303140761942527, 0.020547973714380798, 0.13808573822117307, 0.20101885313193926, 0.20159987688318778, 0.11302182355729848, 0.05602359135237116, 0.01251057768646786]"
10,current-images-old-state,8,18,0.5151808920824703,"[0.07629292771215518, 0.11883639251553946, 0.110228878114305, 0.07850560169970923, 0.10303140761942527, 0.020547973714380798, 0.13808573822117307, 0.20101885313193926, 0.20159987688318778, 0.11302182355729848, 0.05602359135237116, 0.01251057768646786]"
10,current-images-old-state,9,19,0.5630389650078192,"[0.07629292771215518, 0.11883639251553946, 0.110228878114305, 0.07850560169970923, 0.10303140761942527, 0.020547973714380798, 0.13808573822117307, 0.20101885313193926, 0.20159987688318778, 0.11302182355729848, 0.05602359135237116, 0.01251057768646786]"
10,current-images-old-state,10,20,0.3271601672451939,"[0.07629292771215518, 0.11883639251553946, 0.110228878114305, 0.07850560169970923, 0.10303140761942527, 0.020547973714380798, 0.13808573822117307, 0.20101885313193926, 0.20159987688318778, 0.11302182355729848, 0.05602359135237116, 0.01251057768646786]"
10,old-top-only,1,11,0.46820677368673247,"[0.07058547298433299, 0.7402619596738458, 0.4002023873494788, 0.09671058298741442, 0.23067874757282783, 0.43575202198670676, 0.09745898201656329, 0.1858146763570551, 0.20469718008521248, 0.06827275652768094, 0.06227972007735431, 0.008120950498658106]"
10,old-top-only,2,12,0.5888919099978935,"[0.07058547298433299, 0.7402619596738458, 0.4002023873494788, 0.09671058298741442, 0.23067874757282783, 0.43575202198670676, 0.09745898201656329, 0.1858146763570551, 0.20469718008521248, 0.06827275652768094, 0.06227972007735431, 0.008120950498658106]"
10,old-top-only,3,13,0.7376164993610036,"[0.07058547298433299, 0.7402619596738458, 0.4002023873494788, 0.09671058298741442, 0.23067874757282783, 0.43575202198670676, 0.09745898201656329, 0.1858146763570551, 0.20469718008521248, 0.06827275652768094, 0.06227972007735431, 0.008120950498658106]"
10,old-top-only,4,14,1.026643723194026,"[0.07058547298433299, 0.7402619596738458, 0.4002023873494788, 0.09671058298741442, 0.23067874757282783, 0.43575202198670676, 0.09745898201656329, 0.1858146763570551, 0.20469718008521248, 0.06827275652768094, 0.06227972007735431, 0.008120950498658106]"
10,old-top-only,5,15,1.0896928605576903,"[0.07058547298433299, 0.7402619596738458, 0.4002023873494788, 0.09671058298741442, 0.23067874757282783, 0.43575202198670676, 0.09745898201656329, 0.1858146763570551, 0.20469718008521248, 0.06827275652768094, 0.06227972007735431, 0.008120950498658106]"
10,old-top-only,6,16,1.0811586322465143,"[0.07058547298433299, 0.7402619596738458, 0.4002023873494788, 0.09671058298741442, 0.23067874757282783, 0.43575202198670676, 0.09745898201656329, 0.1858146763570551, 0.20469718008521248, 0.06827275652768094, 0.06227972007735431, 0.008120950498658106]"
10,old-top-only,7,17,1.0422026961630733,"[0.07058547298433299, 0.7402619596738458, 0.4002023873494788, 0.09671058298741442, 0.23067874757282783, 0.43575202198670676, 0.09745898201656329, 0.1858146763570551, 0.20469718008521248, 0.06827275652768094, 0.06227972007735431, 0.008120950498658106]"
10,old-top-only,8,18,1.248760549956517,"[0.07058547298433299, 0.7402619596738458, 0.4002023873494788, 0.09671058298741442, 0.23067874757282783, 0.43575202198670676, 0.09745898201656329, 0.1858146763570551, 0.20469718008521248, 0.06827275652768094, 0.06227972007735431, 0.008120950498658106]"
10,old-top-only,9,19,1.3403621736496794,"[0.07058547298433299, 0.7402619596738458, 0.4002023873494788, 0.09671058298741442, 0.23067874757282783, 0.43575202198670676, 0.09745898201656329, 0.1858146763570551, 0.20469718008521248, 0.06827275652768094, 0.06227972007735431, 0.008120950498658106]"
10,old-top-only,10,20,1.2800449433158834,"[0.07058547298433299, 0.7402619596738458, 0.4002023873494788, 0.09671058298741442, 0.23067874757282783, 0.43575202198670676, 0.09745898201656329, 0.1858146763570551, 0.20469718008521248, 0.06827275652768094, 0.06227972007735431, 0.008120950498658106]"
10,old-left-only,1,11,0.2297314880035497,"[0.12005973989144977, 0.44956311131426474, 0.200012951028106, 0.06431674992939103, 0.23218658346900317, 0.3811778753726426, 0.07390865736065555, 0.045406601647952356, 0.07308840713448518, 0.06067682717675551, 0.03354276816879631, 0.00957808712348761]"
10,old-left-only,2,12,0.21903932950950164,"[0.12005973989144977, 0.44956311131426474, 0.200012951028106, 0.06431674992939103, 0.23218658346900317, 0.3811778753726426, 0.07390865736065555, 0.045406601647952356, 0.07308840713448518, 0.06067682717675551, 0.03354276816879631, 0.00957808712348761]"
10,old-left-only,3,13,0.30009407779640734,"[0.12005973989144977, 0.44956311131426474, 0.200012951028106, 0.06431674992939103, 0.23218658346900317, 0.3811778753726426, 0.07390865736065555, 0.045406601647952356, 0.07308840713448518, 0.06067682717675551, 0.03354276816879631, 0.00957808712348761]"
10,old-left-only,4,14,0.8274343132513402,"[0.12005973989144977, 0.44956311131426474, 0.200012951028106, 0.06431674992939103, 0.23218658346900317, 0.3811778753726426, 0.07390865736065555, 0.045406601647952356, 0.07308840713448518, 0.06067682717675551, 0.03354276816879631, 0.00957808712348761]"
10,old-left-only,5,15,0.6929052312321048,"[0.12005973989144977, 0.44956311131426474, 0.200012951028106, 0.06431674992939103, 0.23218658346900317, 0.3811778753726426, 0.07390865736065555, 0.045406601647952356, 0.07308840713448518, 0.06067682717675551, 0.03354276816879631, 0.00957808712348761]"
10,old-left-only,6,16,0.4222458668740013,"[0.12005973989144977, 0.44956311131426474, 0.200012951028106, 0.06431674992939103, 0.23218658346900317, 0.3811778753726426, 0.07390865736065555, 0.045406601647952356, 0.07308840713448518, 0.06067682717675551, 0.03354276816879631, 0.00957808712348761]"
10,old-left-only,7,17,0.3995869381668217,"[0.12005973989144977, 0.44956311131426474, 0.200012951028106, 0.06431674992939103, 0.23218658346900317, 0.3811778753726426, 0.07390865736065555, 0.045406601647952356, 0.07308840713448518, 0.06067682717675551, 0.03354276816879631, 0.00957808712348761]"
10,old-left-only,8,18,0.9577388297612152,"[0.12005973989144977, 0.44956311131426474, 0.200012951028106, 0.06431674992939103, 0.23218658346900317, 0.3811778753726426, 0.07390865736065555, 0.045406601647952356, 0.07308840713448518, 0.06067682717675551, 0.03354276816879631, 0.00957808712348761]"
10,old-left-only,9,19,1.0778257931361472,"[0.12005973989144977, 0.44956311131426474, 0.200012951028106, 0.06431674992939103, 0.23218658346900317, 0.3811778753726426, 0.07390865736065555, 0.045406601647952356, 0.07308840713448518, 0.06067682717675551, 0.03354276816879631, 0.00957808712348761]"
10,old-left-only,10,20,1.0019184293207957,"[0.12005973989144977, 0.44956311131426474, 0.200012951028106, 0.06431674992939103, 0.23218658346900317, 0.3811778753726426, 0.07390865736065555, 0.045406601647952356, 0.07308840713448518, 0.06067682717675551, 0.03354276816879631, 0.00957808712348761]"
10,old-right-only,1,11,0.41730302721913465,"[0.08152022500995523, 0.7421391368101002, 0.43415727413127875, 0.08065235989964804, 0.30284115471232503, 0.4795414929684907, 0.06864295222036006, 0.11738462822988004, 0.15176345281605014, 0.06701052476074097, 0.05654340923454663, 0.008079105929243765]"
10,old-right-only,2,12,0.62508015410894,"[0.08152022500995523, 0.7421391368101002, 0.43415727413127875, 0.08065235989964804, 0.30284115471232503, 0.4795414929684907, 0.06864295222036006, 0.11738462822988004, 0.15176345281605014, 0.06701052476074097, 0.05654340923454663, 0.008079105929243765]"
10,old-right-only,3,13,0.7967852647660782,"[0.08152022500995523, 0.7421391368101002, 0.43415727413127875, 0.08065235989964804, 0.30284115471232503, 0.4795414929684907, 0.06864295222036006, 0.11738462822988004, 0.15176345281605014, 0.06701052476074097, 0.05654340923454663, 0.008079105929243765]"
10,old-right-only,4,14,1.0791570033040379,"[0.08152022500995523, 0.7421391368101002, 0.43415727413127875, 0.08065235989964804, 0.30284115471232503, 0.4795414929684907, 0.06864295222036006, 0.11738462822988004, 0.15176345281605014, 0.06701052476074097, 0.05654340923454663, 0.008079105929243765]"
10,old-right-only,5,15,1.1307868736837983,"[0.08152022500995523, 0.7421391368101002, 0.43415727413127875, 0.08065235989964804, 0.30284115471232503, 0.4795414929684907, 0.06864295222036006, 0.11738462822988004, 0.15176345281605014, 0.06701052476074097, 0.05654340923454663, 0.008079105929243765]"
10,old-right-only,6,16,1.0951540762935765,"[0.08152022500995523, 0.7421391368101002, 0.43415727413127875, 0.08065235989964804, 0.30284115471232503, 0.4795414929684907, 0.06864295222036006, 0.11738462822988004, 0.15176345281605014, 0.06701052476074097, 0.05654340923454663, 0.008079105929243765]"
10,old-right-only,7,17,1.0723346646608216,"[0.08152022500995523, 0.7421391368101002, 0.43415727413127875, 0.08065235989964804, 0.30284115471232503, 0.4795414929684907, 0.06864295222036006, 0.11738462822988004, 0.15176345281605014, 0.06701052476074097, 0.05654340923454663, 0.008079105929243765]"
10,old-right-only,8,18,1.2939490079218297,"[0.08152022500995523, 0.7421391368101002, 0.43415727413127875, 0.08065235989964804, 0.30284115471232503, 0.4795414929684907, 0.06864295222036006, 0.11738462822988004, 0.15176345281605014, 0.06701052476074097, 0.05654340923454663, 0.008079105929243765]"
10,old-right-only,9,19,1.367273954608019,"[0.08152022500995523, 0.7421391368101002, 0.43415727413127875, 0.08065235989964804, 0.30284115471232503, 0.4795414929684907, 0.06864295222036006, 0.11738462822988004, 0.15176345281605014, 0.06701052476074097, 0.05654340923454663, 0.008079105929243765]"
10,old-right-only,10,20,1.3029286688746886,"[0.08152022500995523, 0.7421391368101002, 0.43415727413127875, 0.08065235989964804, 0.30284115471232503, 0.4795414929684907, 0.06864295222036006, 0.11738462822988004, 0.15176345281605014, 0.06701052476074097, 0.05654340923454663, 0.008079105929243765]"
10,old-both-wrists,1,11,0.1924671440254485,"[0.1370616180942974, 0.4052820878481043, 0.19673705198653418, 0.05311223549151586, 0.2691687165938332, 0.38887722493599475, 0.02777245533604346, 0.03633776284629615, 0.050292817222402086, 0.05813439032990007, 0.032400513082725686, 0.013028604542398771]"
10,old-both-wrists,2,12,0.19492486059482217,"[0.1370616180942974, 0.4052820878481043, 0.19673705198653418, 0.05311223549151586, 0.2691687165938332, 0.38887722493599475, 0.02777245533604346, 0.03633776284629615, 0.050292817222402086, 0.05813439032990007, 0.032400513082725686, 0.013028604542398771]"
10,old-both-wrists,3,13,0.30009929058109197,"[0.1370616180942974, 0.4052820878481043, 0.19673705198653418, 0.05311223549151586, 0.2691687165938332, 0.38887722493599475, 0.02777245533604346, 0.03633776284629615, 0.050292817222402086, 0.05813439032990007, 0.032400513082725686, 0.013028604542398771]"
10,old-both-wrists,4,14,0.8020971067234948,"[0.1370616180942974, 0.4052820878481043, 0.19673705198653418, 0.05311223549151586, 0.2691687165938332, 0.38887722493599475, 0.02777245533604346, 0.03633776284629615, 0.050292817222402086, 0.05813439032990007, 0.032400513082725686, 0.013028604542398771]"
10,old-both-wrists,5,15,0.6616230526826825,"[0.1370616180942974, 0.4052820878481043, 0.19673705198653418, 0.05311223549151586, 0.2691687165938332, 0.38887722493599475, 0.02777245533604346, 0.03633776284629615, 0.050292817222402086, 0.05813439032990007, 0.032400513082725686, 0.013028604542398771]"
10,old-both-wrists,6,16,0.42061039966791974,"[0.1370616180942974, 0.4052820878481043, 0.19673705198653418, 0.05311223549151586, 0.2691687165938332, 0.38887722493599475, 0.02777245533604346, 0.03633776284629615, 0.050292817222402086, 0.05813439032990007, 0.032400513082725686, 0.013028604542398771]"
10,old-both-wrists,7,17,0.3874710962354751,"[0.1370616180942974, 0.4052820878481043, 0.19673705198653418, 0.05311223549151586, 0.2691687165938332, 0.38887722493599475, 0.02777245533604346, 0.03633776284629615, 0.050292817222402086, 0.05813439032990007, 0.032400513082725686, 0.013028604542398771]"
10,old-both-wrists,8,18,0.9557152495840928,"[0.1370616180942974, 0.4052820878481043, 0.19673705198653418, 0.05311223549151586, 0.2691687165938332, 0.38887722493599475, 0.02777245533604346, 0.03633776284629615, 0.050292817222402086, 0.05813439032990007, 0.032400513082725686, 0.013028604542398771]"
10,old-both-wrists,9,19,1.0624803572758066,"[0.1370616180942974, 0.4052820878481043, 0.19673705198653418, 0.05311223549151586, 0.2691687165938332, 0.38887722493599475, 0.02777245533604346, 0.03633776284629615, 0.050292817222402086, 0.05813439032990007, 0.032400513082725686, 0.013028604542398771]"
10,old-both-wrists,10,20,0.9793503019787866,"[0.1370616180942974, 0.4052820878481043, 0.19673705198653418, 0.05311223549151586, 0.2691687165938332, 0.38887722493599475, 0.02777245533604346, 0.03633776284629615, 0.050292817222402086, 0.05813439032990007, 0.032400513082725686, 0.013028604542398771]"
